PCA1,y,V_answers
1.1786390139459588,0,0
1.5959003563309444,0,0
1.2986044049355796,0,0
0.968989943120318,0,0
1.6802073730713807,0,0
0.6279974449847522,0,0
1.8579271532223318,0,0
0.9542574481134167,0,0
0.3910827638769321,0,0
1.975680230092371,0,0
3.621324589482026,0,0
1.918707902589782,0,0
0.5069763044406184,0,0
-0.14955314652177484,0,0
-0.15059237751455995,0,0
0.41080392675664945,0,0
-0.13308536869427579,0,0
1.6110335810627046,0,0
2.072593842159966,0,0
1.2022805460023471,0,0
0.2884752527792409,0,0
0.8292040097458854,0,0
0.5213802038602846,0,0
0.9645842777108407,0,0
-0.12551615160558457,0,0
1.5497069970679083,0,0
2.0144636918418275,0,0
2.4054343045570503,0,0
1.2643028199638993,0,0
0.9741441289111028,0,0
1.722951250246682,0,0
1.0327647916733274,0,0
0.7888972290363325,0,0
1.7401553468010402,0,0
1.188435618277062,0,0
1.334946031900158,0,0
2.112735688607666,0,0
1.561793618804891,0,0
0.14855730066437173,0,0
1.3562850889692366,0,0
0.37832619736710627,0,0
0.762546832897972,0,0
0.8515197962665169,0,0
1.2856767995572567,0,0
1.3130166112735315,0,0
1.7010264757743707,0,0
1.3871279664648126,0,0
1.6592957203109293,0,0
0.8046866761780742,0,0
-0.47136867914167035,0,0
1.9642163572475086,0,0
2.3066113393721315,0,0
1.693054919249707,0,0
1.0366082079128172,0,0
1.4680904670113692,0,0
-0.3601207549739115,0,0
3.612019559841555,0,0
1.8035045986553244,0,0
1.188106437742747,0,0
1.1835284803200867,0,0
-0.6340692900532812,0,0
2.0977652866611027,0,0
-0.4178928842930928,0,0
-0.6644740403942816,0,0
1.3475457772478585,0,0
1.0000834929829308,0,0
1.1607477196364142,0,0
0.7583498386797491,0,0
0.6027030464084233,0,0
-0.26708476323873354,0,0
-0.3412181542669134,0,0
-0.3467652098310854,0,0
-0.37314153827084207,0,0
-0.0648047518121378,0,0
0.8205224688009213,0,0
0.6374708401795589,0,0
0.6886017086072572,0,0
0.4972677840060149,0,0
0.1276805743061341,0,0
-0.4620556937059336,0,0
0.7630690047962061,0,0
0.6987135262086808,0,0
1.1913011849235087,0,0
1.4992028316504862,0,0
0.22144852412172117,0,0
0.0021016581164971515,0,0
-1.8536691849965212,0,0
-0.3622928795657956,0,0
-1.3619436470586952,0,0
-1.5041999234479724,0,0
1.4714444976174774,0,0
-0.5324683522868394,0,0
1.3669251457236116,0,0
-0.3673900199591076,0,0
-1.484949647693865,0,0
-1.0323128437501456,0,0
-1.2657550192804266,0,0
-1.5039168369378682,0,0
-1.1205538702012088,0,0
-2.1764375058292713,0,0
-0.28305404151386726,0,0
0.9227246759296808,0,0
1.1079615161124554,0,0
0.31836883200463595,0,0
-1.2274228353845884,0,0
1.789562734031448,0,0
-0.24306576978419078,0,0
0.523599027409199,0,0
-1.3639951720415953,0,0
1.2247240786748597,0,0
-0.2745910773532967,0,0
-0.4809519596778281,0,0
0.20856354270471034,0,0
1.6251985517455176,0,0
-0.48238410014925026,0,0
1.388419662472118,0,0
1.747076545635765,0,0
0.8709670374492552,0,0
-0.11655301787930294,0,0
-1.192312039286751,0,0
-1.1420061853878083,0,0
-1.9458008863441094,0,1
-3.0892870130094066,0,1
-3.0919058120534606,0,1
-1.532701562043919,0,0
0.5601168385967672,0,0
0.3314484258829725,0,0
-2.6710748915180673,0,0
-1.1528617984056932,0,0
-1.2652185845068111,0,0
-3.979491852730582,0,1
-0.648242955882588,0,0
0.5554975370980278,0,0
-0.4239502318917645,0,0
-1.3375790867694435,0,0
0.6142538164846585,0,0
0.8329335716443357,0,0
0.3081497654360841,0,0
-0.2991066194776413,0,0
0.42577883666630223,0,0
-0.2709841401630333,0,0
-0.27990915530876315,0,0
1.5405176012603865,0,0
-1.592734381081894,0,0
-1.72414760373508,0,0
-1.1449423986293654,0,0
-0.8441923000337892,0,0
-0.45209401037930674,0,0
-1.9718749092978376,0,0
-0.7809278392374268,0,0
-2.5738708014612444,0,0
2.7983673720749063,0,0
0.5441164914896207,0,0
-0.11676724130372648,0,0
-0.06356331875934701,0,0
-2.2377349998631257,0,0
-1.707331406195928,0,0
-2.5154545602886302,0,0
2.9051556187226284,0,0
-1.2567615127595915,0,0
-2.1212071843127127,0,0
-0.8762471841691576,0,0
0.20098785057061866,0,0
0.16566512424502122,0,0
-0.8670772501842365,0,0
0.013695989000605785,0,0
-1.7329654319825196,0,0
-3.298554659635128,0,0
-0.7987428467971877,0,0
-2.962015310893847,0,1
-0.5143388008325704,0,0
1.5444148498649723,0,0
1.2783048461077526,0,0
-0.2744067779960061,0,0
-0.9877528050620294,0,0
-0.5091313067588259,0,0
-1.8355178348546117,0,0
-2.5022939778581073,0,1
-3.841589826348011,0,1
-2.3157711328244344,0,1
-2.167975950327958,0,1
-0.014017373160045893,0,0
-1.112287506242908,0,1
-0.3806264821867782,0,0
-0.7684134686395435,0,0
-2.5948595060962756,0,1
-1.355159320647883,0,0
-2.951929880684586,0,1
-2.197142413596194,0,0
2.5277730415799313,0,0
-0.14044272910486405,0,0
-2.3136187357198175,0,0
-0.7749334133251267,0,0
-0.27019494033154523,0,0
-0.013845493098900652,0,0
0.6503465393394425,0,0
-1.114798905259032,0,0
-0.9879377813484744,0,0
-0.7984170577084452,0,0
-2.3518895535608872,0,1
-3.482620452503402,0,1
-3.2365867115658697,0,1
-3.93522137947978,0,1
-3.9917477490494595,0,1
-4.149261220844507,0,1
-1.2885430860924214,0,1
-2.563848067612755,0,0
0.18281965895543423,0,0
-0.48136198871477365,0,0
-1.7359282072268645,0,0
-1.7805654048711987,0,0
0.5762865407830238,0,0
-0.5914279202080225,0,0
0.26708389263977117,0,0
-0.27662016181117177,0,0
-0.783800667237429,0,0
0.2271534557153075,0,0
-0.06346196695508444,0,0
-0.30912712850844937,0,0
-0.6843916580856726,0,0
0.6273728251959375,0,0
-0.16152482804296048,0,0
-1.3179310228738383,0,0
-0.21071914350648333,0,0
-1.8921025786680323,0,0
-0.08526557708997218,0,0
-1.49955196695076,0,0
-2.4044901424260847,0,0
-1.9307825280048578,0,0
-2.009422581682008,0,0
-2.1310833420770208,0,0
-2.579990899131254,0,0
-2.2555718577161863,0,0
-0.8083470832333958,0,0
-1.393569606974596,0,1
-3.4781526992347604,0,1
-3.997968992928611,0,1
-0.1608996822939547,0,0
-1.0904849250603927,0,0
-1.398332676660448,0,0
-1.100671063881074,0,0
-1.404934827042844,0,1
-1.2176637040588092,0,0
-1.0051237603930714,0,0
-1.0515370766102554,0,0
-1.5334704888192192,0,1
-2.337463992347263,0,0
0.26858510698967275,0,0
-0.06786539724482285,0,0
-0.9149899159539647,0,0
-0.03143815973060016,0,0
-0.7596259299945769,0,0
0.6445305324952024,0,0
-1.434312757308202,0,0
0.031061584789395892,0,0
-0.01738055355141649,0,0
0.3160047121767423,0,0
-0.256891311390136,0,0
-1.6365864742068614,0,0
0.08920837871395765,0,0
1.4355338085355003,0,0
-1.3794788668637115,0,0
-0.17408694208606898,0,0
-0.29357729665354804,0,0
-0.007349676981342784,0,0
-0.32140571924001704,0,0
0.05713527040782183,0,0
-1.7936198536842887,0,0
-0.09720110163341453,0,0
1.3062872455713663,0,0
0.47003708896665586,0,0
1.3780287735952665,0,0
-0.09403015645592544,0,0
-0.07920962502992077,0,0
1.1628681621922963,0,0
0.7821143777137457,0,0
0.8632623891722448,0,0
1.6031413226209015,0,0
-1.2483557234102136,0,0
0.6506824173016565,0,0
-0.3810090261709299,0,0
0.6917385832812272,0,0
0.8245679000364768,0,0
1.6513132181499028,0,0
1.609184620784907,0,0
0.14263599488607467,0,0
2.1614059213855215,0,0
-0.4940967273502287,0,0
1.1814675827746655,0,0
-0.6210293262073062,0,0
3.142318144779539,0,0
-0.5748998562218247,0,0
0.8808759397997896,0,0
-0.9507536625808661,0,0
0.38193596955648534,0,0
3.213730672203068,0,0
0.243038411717251,0,0
2.126656202713356,0,0
-0.4303871817928555,0,0
4.100274622902549,0,0
-0.1738060917748768,0,0
1.9354156038708952,0,0
4.060194945896659,0,0
1.792326541886317,0,0
0.8094712319789468,0,0
1.259882420211905,0,0
1.60268941170492,0,0
0.07022751856603529,0,0
1.3796212416776787,0,0
3.611965568016253,0,0
1.928726006576668,0,0
1.1684214329375344,0,0
0.24092253660515348,0,0
0.2228823107272128,0,0
2.1806588264638544,0,0
1.2410369426419001,0,0
1.5060352450122352,0,0
1.656032754768625,0,0
0.8011118331032875,0,0
2.2391376261392812,0,0
0.4464545321450286,0,0
1.3143028093006668,0,0
1.7486013968883578,0,0
0.8797515280189522,0,0
0.5844528543919912,0,0
2.8190147560459633,0,0
1.1274750637236675,0,0
1.3017944279923936,0,0
2.55410073884364,0,0
3.5806118715121626,0,0
1.1482919935335454,0,0
1.937047114889764,0,0
3.1731476734131445,0,0
1.7835102270101622,0,0
4.81484810382352,0,0
2.168143304806466,0,0
1.3441963389404543,0,0
3.0459413584059543,0,0
2.457604705898471,0,0
1.0897774644904923,0,0
1.1576889023867991,0,0
1.6235319504799228,0,0
1.6873738419704183,0,0
2.3083947978045583,0,0
2.3093507573974352,0,0
1.5305752617234611,0,0
2.8996750544883563,0,0
1.0074879827322527,0,0
0.9755682033067754,0,0
1.8946218665762962,0,0
0.8854953235076999,0,0
3.082340752646913,0,0
2.015628683005484,0,0
1.6270934658149538,0,0
0.7031826458469808,0,0
0.9440994604882071,0,0
0.4139344217876624,0,0
1.3227839112397382,0,0
1.894304661504823,0,0
1.328807906697476,0,0
1.7590509459319663,0,0
2.3278376149625926,0,0
2.544751207987199,0,0
1.0033628259918255,0,0
4.148411810215347,0,0
4.7823838369446285,0,0
2.776310795341366,0,0
1.2201842805544694,0,0
2.6549475872827966,0,0
1.4074198009967338,0,0
1.6161672879968385,0,0
1.5362578114510732,0,0
0.32171696548315476,0,0
1.4722114193436782,0,0
1.5965109622165268,0,0
1.266399743459858,0,0
0.7714629347290205,0,0
1.148664839972182,0,0
1.0225972430265913,0,0
-0.42939953086516935,0,0
1.0857443406650393,0,0
1.4189165148782794,0,0
1.0117410137449445,0,0
0.2258484758004643,0,0
1.3430578957423134,0,0
2.8313887598088248,0,0
2.420312475962818,0,0
2.926246173538907,0,0
2.4916661959989708,0,0
1.2306078568548022,0,0
2.509783811146235,0,0
1.1067970230870072,0,0
2.2553634181534536,0,0
0.2557188221495631,0,0
2.159765497274421,0,0
0.7606074481000092,0,0
1.503772929005888,0,0
0.08642698287068953,0,0
1.9363218519026266,0,0
3.3837948630527217,0,0
1.865727606805545,0,0
1.9789117726270782,0,0
2.459624125467951,0,0
1.241758439788044,0,0
-0.0626798851931705,0,0
3.3940728458127105,0,0
1.652658030349215,0,0
2.2675756825022213,0,0
-0.7509993395367911,0,0
-0.14000437866928747,0,0
0.46340760557494676,0,0
-0.3178551954902,0,0
-0.1136112547740728,0,0
0.36394033007929216,0,0
0.4149025408925334,0,0
0.842497339879004,0,0
1.0299639238378109,0,0
1.2094866924559617,0,0
0.5235601907201524,0,0
0.6187428411032393,0,0
-0.5404400994051795,0,0
1.933414884311882,0,0
1.7355731694669456,0,0
-0.1356555228548478,0,0
-0.44986329484619136,0,0
-0.6164747741092635,0,0
-0.6606511861319108,0,0
-0.26032898210433153,0,0
1.5102090151816001,0,0
-0.32891600925666076,0,0
4.139023573864549,0,0
1.247432812296681,0,0
1.0345491880049864,0,0
1.8469572665656824,0,0
1.0202071436939426,0,0
0.8905408877329847,0,0
1.2188469664512136,0,0
-0.1731465147432814,0,0
0.827869533723049,0,0
2.3417109257110855,0,0
1.516773883599434,0,0
1.3480951811528743,0,0
-0.34513515388751126,0,0
1.0547408364882085,0,0
1.3320630280409003,0,0
1.2259530917228452,0,0
1.209318058844701,0,0
0.7332613711330382,0,0
-0.06688519949914329,0,0
0.3520034284855432,0,0
1.988328206349993,0,0
-0.09663918688249737,0,0
0.3832959662838966,0,0
-0.4819207343891412,0,0
1.8360073267992625,0,0
-0.42630860595786113,0,0
1.3315666059586315,0,0
0.07518327229035184,0,0
0.4013749160978657,0,0
0.3745954619844113,0,0
1.1403677220071675,0,0
1.0539718423137268,0,0
0.11162600531764766,0,0
2.455405829536067,0,0
-0.2339157654953037,0,0
-1.136564230658119,0,0
1.1349713826229224,0,0
1.3086119165348036,0,0
0.25936330295084087,0,0
-0.40686274101805675,0,0
-0.07978033643583313,0,0
-0.17075638094250026,0,0
0.5266557335063462,0,0
-0.19346860743266572,0,0
-0.9687162178707096,0,0
-1.0204572220239327,0,0
2.9751858785660783,0,0
-1.281724145206851,0,0
1.0747814679175953,0,0
1.6455455706587543,0,0
-0.15718550759754402,0,0
-1.725592478314405,0,0
1.0632901381506767,0,0
0.25462878929559074,0,0
-0.870418253818341,0,0
-1.2838240251017148,0,0
-2.171716589536356,0,0
-0.7464170073518498,0,0
-1.522028937434333,0,0
-0.25698488465928115,0,0
-1.2632786579992614,0,0
-2.332722554211386,0,0
-1.7243967044276702,0,0
-2.126138222600448,0,0
-0.2884820668291973,0,0
-1.34461962977158,0,0
-1.2566508584458298,0,1
-3.602456248671189,0,1
-1.8151083820121083,0,0
-1.7396887831139933,0,0
-1.797672683795264,0,0
0.36260375211161444,0,0
-1.752985731437397,0,0
-1.2449719960584817,0,0
-1.4090350189524425,0,0
-1.8390293248856577,0,0
-3.654078181325405,0,1
-4.412841695525257,0,1
-3.782899053260543,0,1
-2.6376185489338595,0,0
0.5707905566458523,0,0
0.6758005698662648,0,0
0.763275803540389,0,0
-2.1084678122354363,0,0
-0.5075664437845382,0,0
-1.8265523864297408,0,0
-1.2790537809602205,0,0
-0.945999764609029,0,0
-1.6812925221187849,0,0
-3.1817062608845683,0,0
-1.569031046995308,0,0
-1.6664250502811213,0,0
-0.5020500453872214,0,0
-2.0537770088511103,0,0
-2.577615205122151,0,0
-1.2612469189076898,0,0
-1.3835264621470804,0,0
-0.732721536152957,0,0
0.18333252911298373,0,0
-0.5000112861972579,0,0
0.16127651733650372,0,0
-0.6218486128332709,0,0
-0.2332746229342527,0,0
-2.3109494549851806,0,0
0.9281905930394412,0,0
0.3658152027974866,0,0
-1.8822180694866293,0,0
-2.630238941880783,0,0
-0.5611781771617845,0,0
-0.7809937567811431,0,0
-2.346241664115915,0,0
-2.575413649078835,0,1
-1.61551225700941,0,0
-1.2344147094527862,0,0
1.2763460136850555,0,0
-1.6095627894237035,0,0
-1.7081036268344738,0,1
-2.1288448556968804,0,1
-1.1525190251862152,0,0
-0.3823282641702306,0,0
-0.9653010295624247,0,0
-3.159318282457329,0,1
-2.782191771346215,0,1
-1.3805491703976651,0,0
-1.829962474296478,0,0
-0.5825742012168699,0,0
-1.3168004059599216,0,0
-1.4573636752382597,0,0
-0.5645647258108721,0,0
-0.9300701636687296,0,0
-1.478961035337327,0,0
-2.013018735247566,0,0
0.8986473479030972,0,0
0.474067292935752,0,0
-2.569899217026447,0,0
-1.4318479417501846,0,0
-0.2161498822107598,0,0
-0.5999151389650497,0,0
-0.7456409116328457,0,0
-0.3012297782425154,0,0
-2.0918193371572364,0,0
-1.4691203102494854,0,0
-1.8566959683184594,0,1
-3.0819796286774506,0,1
-3.0632732717229114,0,1
-1.4182450602648968,0,0
-1.0573459449048133,0,0
-3.3655149024198177,0,1
-1.3201714724158182,0,0
-1.4592395773589508,0,0
-2.149235834448052,0,0
-1.6068492199472968,0,0
-0.544477436451501,0,0
-0.47622514290384654,0,0
-1.9661906818480648,0,0
-1.6836390033193558,0,0
-3.12186530374848,0,0
0.6654183814275858,0,0
0.5486605342956667,0,0
0.5052495864385873,0,0
0.8625286428479225,0,0
0.7505024171997071,0,0
-1.1664050040385794,0,0
-2.1577101558986835,0,1
0.7262447547941642,0,0
0.2480941602666078,0,0
-1.1478653117097468,0,0
1.6860761757920244,0,0
-1.7891170241327676,0,0
-2.09254181801666,0,0
-2.079585497180417,0,1
-1.864664049035752,0,0
-2.4670544575655478,0,1
-3.0751726528511,0,1
-2.879740885804646,0,1
-2.904964751908204,0,1
0.10143233781775203,0,0
-1.4294957176944199,0,0
-0.9493769759116584,0,0
0.1370922761970979,0,0
-0.2679468763387274,0,0
-0.5049229204465391,0,0
-0.5274954875736838,0,0
0.012081456889616142,0,0
-1.7479356769667844,0,0
-0.7092774478453636,0,0
-0.8514392056374319,0,0
-2.2430941942806015,0,0
-2.24941251820455,0,0
-0.7220760288923087,0,0
-0.19587475426232967,0,0
-0.24617198308932678,0,0
-0.5759655148778012,0,0
-1.2079838411468793,0,0
-1.7409165562406956,0,0
-1.898486322925048,0,0
-2.2758076705462877,0,0
-1.946679053023824,0,0
-1.8922639371918535,0,0
-0.6597015335985438,0,0
0.08116082798221338,0,0
0.019337035118054756,0,0
-0.777080547170476,0,0
0.7046400342543176,0,0
0.17300029807016776,0,0
0.0979040461273245,0,0
0.49749061614524814,0,0
-0.01998639206360711,0,0
0.9568220580054407,0,0
-0.8101373608211594,0,0
-0.6534966282487389,0,0
-0.370871017662194,0,0
1.3509054904525943,0,0
0.49780974808909373,0,0
1.3204961075058002,0,0
-0.1502704151792331,0,0
-0.3810207843884079,0,0
0.012752155142611028,0,0
-0.6883229429738819,0,0
0.15457090674060148,0,0
-0.5453082366615393,0,0
-0.17159746957744457,0,0
2.3209912976116867,0,0
0.4898524263922791,0,0
1.0467786514824917,0,0
1.8946448687457818,0,0
0.0865666048422978,0,0
0.362139326699901,0,0
-1.5188720577027455,0,0
-1.426674524384837,0,0
0.46327190167699095,0,0
2.207568617385493,0,0
0.5484454806645183,0,0
0.007684080251837699,0,0
-0.6452517472696628,0,0
-0.1455287241185824,0,0
-1.3138815580924248,0,0
0.5965817182726877,0,0
1.4388898095110687,0,0
-1.0456801876336086,0,0
0.2558863395218191,0,0
-0.13821748445321513,0,0
-0.0641804375863029,0,0
-0.08797285964156434,0,0
0.7299653584959216,0,0
0.8460409285481989,0,0
0.9009928365555175,0,0
-0.07464156319942708,0,0
0.38442151700845784,0,0
0.5970430163272632,0,0
0.4849771737669183,0,0
0.7240351040770895,0,0
-0.9629867454648553,0,0
1.4765254814404953,0,0
0.8145897689409388,0,0
0.9030756549812002,0,0
0.7613296601454888,0,0
0.5159561982216843,0,0
0.752614462656778,0,0
1.2634797899858337,0,0
0.6763528027891983,0,0
0.3779353560318277,0,0
0.5138209383035522,0,0
1.5104537865208396,0,0
0.3246022195858509,0,0
0.8545063453214482,0,0
0.7506685952785443,0,0
2.206703566517947,0,0
2.212173596577294,0,0
1.7238289002401748,0,0
0.7927940079654321,0,0
2.235230242829063,0,0
2.4851830781425757,0,0
2.1293019858377353,0,0
0.45697801593009957,0,0
1.0337212761768397,0,0
0.4917910389581712,0,0
-1.0760024093461624,0,0
-1.3369871841657461,0,0
-1.3142956021912366,0,0
-1.4526416537911047,0,0
-2.3219837558629584,0,0
-0.04488722142520628,0,0
0.13728086150702268,0,0
-0.8649136676856346,0,0
0.6111072014987667,0,0
0.8704640669088841,0,0
0.659465238190496,0,0
0.2397728340020758,0,0
0.5445352963788122,0,0
1.8559308262543797,0,0
0.6743740625629436,0,0
1.9679207043982372,0,0
1.2372555029429044,0,0
0.6524589464338941,0,0
1.3600893061067676,0,0
1.2706082338133733,0,0
1.7405870714179799,0,0
0.9897675844361418,0,0
0.7066927409237346,0,0
-0.08435831255652965,0,0
-0.0858387260137412,0,0
1.123590100396914,0,0
1.7256683443085916,0,0
3.3348525189194,0,0
-0.16364978595340512,0,0
1.0886482230029897,0,0
0.5004678584041518,0,0
1.3237685469654128,0,0
1.4156470913604307,0,0
0.9905295753144986,0,0
0.792987561698546,0,0
1.3291043804801859,0,0
0.202305107105824,0,0
0.40648222814988755,0,0
0.20077082550698813,0,0
2.586862058391139,0,0
1.318750542390129,0,0
1.6085731333415223,0,0
1.077998489296499,0,0
1.6867891946163776,0,0
1.5868706801179184,0,0
4.083503589854489,0,0
2.89535929286371,0,0
2.334104656526292,0,0
1.6739463580789211,0,0
1.2587374999553973,0,0
0.9644660374781238,0,0
0.6855278888720752,0,0
0.9611942019742776,0,0
2.7322721534085392,0,0
3.21252353799042,0,0
1.9096713883250318,0,0
2.8882144394759215,0,0
3.0892296889529467,0,0
2.218558786253383,0,0
1.9010526237725933,0,0
0.969724243236874,0,0
1.9192848832058838,0,0
1.6349760518691738,0,0
0.7878578599740819,0,0
2.1713567152196034,0,0
0.8234871933214511,0,0
0.17983571988235048,0,0
-0.6777740995655914,0,0
0.2523987718855578,0,0
1.4364237407188494,0,0
0.9661422017454377,0,0
0.7858735560232658,0,0
-0.1978948722964213,0,0
1.746048985635465,0,0
0.07739954370444592,0,0
1.62886703194649,0,0
0.8135962025247665,0,0
0.7875832074522657,0,0
2.1323701497816665,0,0
2.663719761082416,0,0
1.0353600115626327,0,0
1.8254016463078853,0,0
1.0992571114182754,0,0
0.6107744161143138,0,0
0.7778264636768468,0,0
1.2733512579032222,0,0
1.1670029557934765,0,0
0.8947651906752548,0,0
1.2689389659869237,0,0
0.9939671728626777,0,0
0.9870198653312623,0,0
0.7954787563885317,0,0
0.8992622415175432,0,0
-0.7670911545354876,0,0
0.5677568366865935,0,0
-0.46518616296096194,0,0
1.005484819151188,0,0
1.39598310862505,0,0
0.5282975784500469,0,0
1.6111695492965483,0,0
0.1291045454054264,0,0
0.9715222166727062,0,0
0.7060143508720904,0,0
-0.12987006501221995,0,0
-0.36005559962136646,0,0
-2.1656766745076026,0,0
-0.3402649394791556,0,0
-1.0335325363091497,0,0
-1.0064105836561266,0,0
-1.1585255818159672,0,0
-1.3894608779980533,0,0
-0.784032634023859,0,0
2.5530514465992367,0,0
1.6109295283276293,0,0
-0.43586123751117734,0,0
1.832895899181854,0,0
-1.287642992776082,0,0
-0.9069871212238853,0,0
-0.31115710408538977,0,0
-2.410713487076899,0,0
-3.048782109694276,0,0
-2.14030988694758,0,0
-1.4839746090647319,0,0
0.10196969799944591,0,0
0.9321420981347035,0,0
-1.4103499154638146,0,0
-0.22108425345078395,0,0
-1.4327166576641854,0,0
0.40535899810470943,0,0
0.7331609057963057,0,0
-0.8277942710626919,0,0
-1.2548322700532615,0,0
2.180351836842813,0,0
1.1437260380222827,0,0
0.9096244061314904,0,0
0.3815192919426691,0,0
-0.16170219583276835,0,0
-0.6597962779721116,0,0
1.3735561939750704,0,0
-1.2906443122465379,0,0
2.107696368984577,0,0
0.2210811186665635,0,0
1.6836596972983071,0,0
-0.12856821057532708,0,0
-0.8193354555789689,0,0
-1.2551662704351645,0,0
-0.3048982675729712,0,0
-0.7113044834060485,0,0
-0.4080690689804911,0,0
-2.8666387770808406,0,0
-0.8493098166572681,0,0
0.06129053046375051,0,0
-1.4311800860920967,0,0
-0.6717333151677624,0,0
-1.8945624731634685,0,0
2.079382331001496,0,0
0.5633125117689676,0,0
-0.4289129850821225,0,0
0.7473818687528794,0,0
-0.04308211661909256,0,0
-1.5314070173248193,0,0
0.6623091050669263,0,0
0.34703720893396817,0,0
-0.12162848870882742,0,0
1.9131150303770914,0,0
-0.006437314465194771,0,0
1.1000624832684494,0,0
0.7692945015717577,0,0
1.5148821601594868,0,0
1.7437860973792818,0,0
1.4061582022434378,0,0
0.895744945370051,0,0
-0.04319707596415387,0,0
-2.0449777954627266,0,0
-0.9607944777389124,0,0
-1.4164617310405374,0,0
-0.7343690344219634,0,0
-1.1088423050098613,0,0
0.38447084242117835,0,0
-1.791181153876845,0,0
-2.6657568449274667,0,0
2.1069349802975146,0,0
0.3459087542458551,0,0
1.1115505250898927,0,0
-1.7345157205730235,0,0
-1.9362749269943333,0,0
-0.2547576414203283,0,0
2.291498574167008,0,0
0.301349823728143,0,0
0.2651502877325881,0,0
2.205810738360763,0,0
-1.5022318030239412,0,0
-1.5661230436535558,0,0
-1.1487342043619717,0,0
2.2791171572617683,0,0
0.45815333973208794,0,0
-1.80490525572313,0,0
-1.8380225881453598,0,0
-0.18680838348449022,0,0
-0.8293089910236263,0,0
-0.044556343948066776,0,0
-1.4956068486415892,0,0
-0.7264393007426129,0,0
-0.07859492763976206,0,0
1.1555739386283514,0,0
-0.40764071075464214,0,0
1.751741219210194,0,0
-1.4128327124299702,0,0
1.7449821328835697,0,0
-2.0531964548290973,0,0
0.2353558152614532,0,0
1.5851783293132695,0,0
-0.1981473924766208,0,0
-1.0671909393615133,0,0
-2.13313393490374,0,0
-2.1880039698191096,0,0
0.09677794676031679,0,0
-1.5185853856432274,0,0
-2.1102504658485914,0,0
-0.1107278517844428,0,0
-1.8914886857295636,0,0
-2.8656600655308515,0,0
-0.8295389732356464,0,0
-1.7282715533478414,0,0
-3.253625219959425,0,0
-1.364982191614587,0,0
0.1825525666364482,0,0
-0.7212070075015397,0,0
-0.03816440806661346,0,0
0.04318275824980705,0,0
0.6817584697352852,0,0
1.9678182656487244,0,0
-0.3478701526568684,0,0
-0.1845069751650751,0,0
-1.8223713710356775,0,0
0.04014689001450035,0,0
0.08712658474248325,0,0
-0.5864758536013442,0,0
-0.8995927863293636,0,1
-1.7363861690085456,0,1
-0.44634710328176963,0,0
-0.1237939914597376,0,0
0.06514173979808749,0,0
-0.2116135966254646,0,0
-2.3691242768487255,0,0
0.24319943103747652,0,0
-0.0811486243058917,0,0
0.6988988742801857,0,0
0.47734852352335666,0,0
0.4383950834449277,0,0
-1.7419967040079443,0,0
-0.7344426449634447,0,0
-1.2770139059980816,0,0
-2.098857669097545,0,0
-2.056799772043351,0,0
-2.1550231380405647,0,1
-2.7503099595752927,0,1
-2.9738563921930092,0,1
-1.2789313391277988,0,0
-0.8157097326225666,0,0
-2.7074552204070534,0,1
-2.769516902696052,0,0
-0.20908266524874156,0,0
0.305694997389625,0,0
-0.4316563712132667,0,0
-0.2805496941420492,0,0
-2.3947289736629647,0,0
-2.5259675954652736,0,0
-1.9706659720733355,0,1
-1.9616526637413294,0,1
-1.6001186120293946,0,0
-0.08041775131828457,0,0
-0.608973551884501,0,0
-1.5767132939706894,0,0
0.022147992332927538,0,0
-1.8502296565190204,0,0
2.6884089851985613,0,0
2.304939000436533,0,0
-2.9427325557676687,0,1
-2.7098841648846212,0,1
-3.4302630035031414,0,1
0.2592846061753797,0,0
-1.6044351517870683,0,0
-0.5513985269598497,0,0
-1.849785713023771,0,1
-2.1419243773496497,0,1
-1.5789307396464516,0,1
-1.7409338561993442,0,1
-2.460794027911164,0,1
-1.6589215543682776,0,1
-2.5049379798267797,0,1
-1.9659127803881038,0,0
-1.5213271442441698,0,0
-1.2091290440717222,0,1
-0.22997673101227104,0,0
2.0716703084529495,0,0
0.645384101772909,0,0
0.2961260497756998,0,0
-1.1460326022146206,0,0
-2.4799255724715974,0,0
-1.5186156614250534,0,1
-1.4769012211028254,0,1
-1.4825794354899935,0,0
2.0836392421053676,0,0
1.607150683323778,0,0
1.8158819481532311,0,0
-0.4374211916331229,0,0
0.8203639446109146,0,0
-0.29451226963048016,0,0
-0.783983022532819,0,0
-0.4531961684044643,0,0
0.7005488381963353,0,0
-0.13723720363150968,0,0
0.375049267739893,0,0
-0.7153204414212059,0,0
1.7777231572800238,0,0
3.314574705524237,0,0
2.4034131520275555,0,0
0.5649927883412666,0,0
-0.6260270403298167,0,0
3.6264959128392817,0,0
0.27656312960976487,0,0
1.8517841047615045,0,0
-0.6665734060060758,0,0
2.472675189921047,0,0
0.805537075315946,0,0
0.41545181959132094,0,0
0.990710021261048,0,0
1.221714210928996,0,0
1.255255764076442,0,0
0.34213352306873457,0,0
0.9799661630760969,0,0
1.101555341080512,0,0
-0.06043415020704815,0,0
0.6620059333616403,0,0
1.2764991739624714,0,0
1.8701301794446894,0,0
0.21460379667318133,0,0
1.3298156087391124,0,0
1.4909298501618167,0,0
1.1897219242128274,0,0
1.803183825558109,0,0
1.0354945364578179,0,0
-0.1651898037895061,0,0
2.1297711496427083,0,0
2.4700332902592934,0,0
1.1171633649421826,0,0
4.992748799773536,0,0
2.0821190477012523,0,0
2.2691474694518634,0,0
2.047632701989953,0,0
1.9345690415715033,0,0
1.7908310058669543,0,0
3.9681170547899374,0,0
1.2460253081170023,0,0
1.3431936233672197,0,0
1.105513176561468,0,0
1.9561820416146147,0,0
0.9886294763274962,0,0
0.9226070311699084,0,0
1.737349789202722,0,0
0.227006571528071,0,0
1.262229765244383,0,0
0.5960392689216254,0,0
0.8048494838824973,0,0
1.0703484587045902,0,0
1.2744229399656526,0,0
0.5416816300746137,0,0
1.724310391972719,0,0
1.4408864922363078,0,0
0.1274254954502295,0,0
1.0663659320638628,0,0
0.9005600085865348,0,0
0.07148581574614014,0,0
-0.2947626296788405,0,0
0.3326816857594044,0,0
1.017054307920255,0,0
2.1109213626696572,0,0
1.8698823917590688,0,0
3.7955023349639934,0,0
2.414949792673706,0,0
1.3379121978245072,0,0
1.25745908930128,0,0
1.0824671119772729,0,0
0.958793322422244,0,0
3.379446344502366,0,0
2.323271469224406,0,0
0.952202782258905,0,0
3.5059359228950155,0,0
1.3952933511466845,0,0
2.1641404137772744,0,0
0.6263008016884529,0,0
0.07440170256952443,0,0
1.361102238682874,0,0
1.5288835739423328,0,0
1.374649646094395,0,0
0.3171941500111961,0,0
0.05468123482379468,0,0
0.011671181644089423,0,0
0.23415409402541842,0,0
1.5217046702759591,0,0
0.8464759991345617,0,0
1.457916087100467,0,0
0.26121476134647525,0,0
2.214561910633189,0,0
1.1179409931290385,0,0
2.127280728624648,0,0
2.6539351478774225,0,0
1.8658879955240606,0,0
2.201956681051529,0,0
0.20477111237638584,0,0
1.3616377443965928,0,0
1.4247644832170174,0,0
0.5478812843805357,0,0
1.1907950424984652,0,0
0.6413347110878437,0,0
0.8604461859949051,0,0
0.43081818332725474,0,0
0.024482200105048688,0,0
1.7494655090883375,0,0
0.8667765661659034,0,0
1.4088420664812344,0,0
1.465568332518436,0,0
0.7381896688069653,0,0
2.0051416486915175,0,0
1.3553136350198294,0,0
1.361352453859227,0,0
1.5825171609588797,0,0
2.0681150792620353,0,0
0.43858614622830194,0,0
-0.22877367995527395,0,0
-0.47435810386701327,0,0
1.0859102313696778,0,0
0.7446792125034323,0,0
0.07604905862636102,0,0
1.3077693769199636,0,0
0.5165443264671336,0,0
5.359827371085058,0,0
1.0604127486243469,0,0
-0.08236094076607942,0,0
0.5407082238258548,0,0
0.8460250692796664,0,0
0.15353016297379046,0,0
1.5913686449586493,0,0
1.5723553943325845,0,0
-0.03374772448496734,0,0
1.570242930965722,0,0
0.6847138974189487,0,0
0.8146478800691758,0,0
-0.254563247093628,0,0
1.849784847676757,0,0
1.210217665586393,0,0
-0.19707044456576026,0,0
0.9526812707351157,0,0
2.2359181373354406,0,0
1.9143831485807294,0,0
1.0132751351112927,0,0
0.8114636224274665,0,0
-0.5228096549169508,0,0
-1.9403264936341578,0,0
0.42218569858821964,0,0
-0.38226792684328426,0,0
-0.21557217872071163,0,0
-1.4994260404505522,0,0
-1.8083149842344546,0,0
-3.112622623065379,0,0
-1.1385638799457072,0,0
-0.9903065610459973,0,0
-0.7082654886543972,0,0
-0.0022428523749850465,0,0
-1.0915189707355246,0,0
0.6878820535437903,0,0
-0.9707968353867711,0,0
-1.6723116370914357,0,1
-0.2615967699192282,0,0
0.8810480670582639,0,0
-1.7403708958742885,0,0
-1.0782661717397808,0,0
0.33419126704604896,0,0
-0.2423999313389509,0,0
-0.7844873526906154,0,0
-1.4731706766225774,0,0
-1.2076039105441148,0,0
-1.798116345500148,0,0
-3.117050697763175,0,0
2.3862006217016547,0,0
0.45236784798987273,0,0
-0.5175248893355685,0,0
-0.44907733691469465,0,0
-0.5481331191172268,0,0
-0.7097404487429373,0,0
5.883935446746905,0,0
0.8641943541909952,0,0
-0.6193108532421032,0,0
-2.553369996229572,0,0
-3.0031291565771685,0,1
-4.851242152808545,0,1
-3.6216457884718283,0,1
-1.4124760293352316,0,0
-0.5108788057968702,0,0
-1.7197799049507159,0,0
-1.186727133390766,0,0
0.050712856986404806,0,0
0.06374648041080327,0,0
-0.7775929130067288,0,0
0.43440326712783295,0,0
0.024489394299822463,0,0
-1.1694949654913571,0,0
-0.6750546851115612,0,0
-1.1895908553227406,0,0
-1.3248322798084537,0,0
1.4410506754663743,0,0
2.037137167155839,0,0
-1.825256499725592,0,0
0.32695525086707344,0,0
0.6702869388761995,0,0
-1.9563628742743147,0,0
-1.3109063528458953,0,0
-1.1548075529381778,0,0
-0.5674604150849952,0,0
-2.0201764770252932,0,0
-2.58957881996825,0,0
-1.193914081865658,0,0
0.9948724725507606,0,0
1.2423899369338618,0,0
0.09198700296303985,0,0
-0.36298501681455875,0,0
-1.471547086213281,0,0
-0.649969333272675,0,0
1.118030128306685,0,0
0.18551635149610865,0,0
-0.761514653606631,0,0
-0.9063618648933514,0,0
-0.6034482005767117,0,0
1.774001890320414,0,0
0.04872210809733181,0,0
-0.08953633396245489,0,0
-2.3940499486930698,0,1
-2.3415914128074964,0,0
2.5986124588693738,0,0
-0.1680714820547434,0,0
-0.14287201179954095,0,0
-1.0328762402159681,0,0
-1.882725848066106,0,0
2.083618672529663,0,0
-1.7576664916099471,0,0
-1.4837311132352176,0,0
0.733639252939493,0,0
4.437072770842429,0,0
-2.2134392559394738,0,0
-1.4379113573437565,0,0
-1.9421802182570391,0,0
-2.6250489899071336,0,0
-2.163660150989821,0,0
-1.8211197368251109,0,1
-0.776007360502735,0,0
-1.4870419125849417,0,0
0.11583806056695702,0,0
-2.308834941247439,0,0
-2.734634032662535,0,0
-1.710431651874893,0,0
-1.0614149478668071,0,0
-2.637783956569702,0,0
-1.196004121821922,0,0
-2.7584647114358223,0,0
0.5982934161313735,0,0
-2.417180096301893,0,0
-0.471252257657616,0,0
0.8655861580844892,0,0
-1.2526310815994843,0,0
-0.8259355010152013,0,1
-1.562011155309912,0,0
-0.7665881970886659,0,0
-0.8693071906443199,0,0
-0.9230490562610334,0,0
-0.0012797919539024871,0,0
0.18048262565697654,0,0
-2.0372252395335404,0,0
0.14226642078881024,0,0
-1.8379427768083823,0,0
-2.0623468343318523,0,0
-1.078781800267447,0,0
-0.36643722394789313,0,0
-0.2664459962619622,0,0
0.1264370101806618,0,0
1.3282865782866835,0,0
-0.6517936204565945,0,0
0.046196421485082434,0,0
-1.3557090431557146,0,0
0.19843246889396057,0,0
-1.4579486808923163,0,0
0.8982059055549112,0,0
-0.3894199151633616,0,0
1.6080500393168864,0,0
-0.8851239331276954,0,0
-1.1316623520540718,0,0
-0.2869836928299283,0,0
0.06755874628172714,0,0
0.02015566826119778,0,0
-0.16704057839146777,0,0
0.21934092160350258,0,0
-1.82584749299513,0,0
-1.9066875705253823,0,0
0.15873411914187358,0,0
-1.6866993690105911,0,0
-3.6574440616685284,0,1
-2.4916501939325966,0,1
-4.117063313868146,0,1
-3.8039440310848205,0,0
-1.1033498419376462,0,1
-3.1363626853309636,0,1
-3.1299069000424757,0,1
-0.6606105419714408,0,0
-3.148605070990246,0,1
-3.5630510742746755,0,1
-2.47615660415758,0,1
-2.4926514159493647,0,0
-0.23348742769692662,0,0
-1.3760964110257663,0,0
-1.0012226559508866,0,0
-1.0083903477805862,0,0
-0.3638179139040837,0,0
-0.3081907543740825,0,0
-2.532347310361661,0,1
-3.587668910297543,0,1
-2.4413805498355274,0,0
-0.19065552780949188,0,0
-2.06529265134211,0,0
-2.039526987160689,0,1
-2.668095990828773,0,0
-2.2949544822962165,0,0
-1.7007375491070913,0,0
-0.9271505015679484,0,0
-0.5529907867198927,0,0
-2.6770710318129924,0,0
-0.38753377351278395,0,0
-0.8052216318450865,0,0
-2.116869391810731,0,0
0.1419695395140037,0,0
-1.7715835804751492,0,0
-0.08858002884875088,0,0
-0.24644214010074109,0,0
-2.371022711568927,0,1
-0.47645918581040525,0,0
-0.87052756407144,0,0
-1.2525532391263754,0,1
-1.319431918457785,0,1
-3.4732022890018865,0,1
-0.5494512895166215,0,0
0.024385294325911404,0,0
-0.26622827815757466,0,0
-0.04989793502706685,0,0
0.5503484051432785,0,0
-1.4109785064552927,0,0
-2.647947219188125,0,0
-0.49052132346216537,0,0
-0.34125147882278295,0,0
-2.314796810592004,0,0
-1.3883560489709184,0,0
-0.2601784116914163,0,0
0.5137881857274202,0,0
-0.7369698737256617,0,0
-1.714528768320298,0,0
-1.06032067597013,0,0
-0.15656287445291592,0,0
-1.242707241913239,0,0
0.5746265719800785,0,0
-0.7499159245979143,0,0
0.13728282421194993,0,0
-1.2169923526419615,0,0
-0.19762855683328315,0,0
-0.14147209413688205,0,0
0.11711212532941824,0,0
-0.704957407741712,0,0
-1.416764442858557,0,0
-1.9052043557169507,0,1
-0.30175411341035796,0,0
-1.6623264705322123,0,0
-2.186928688502417,0,0
-1.211647814188594,0,0
-0.7129560145139426,0,0
-0.2083929762445502,0,0
1.0564336932454366,0,0
-0.2893386513927917,0,0
-1.088468423625767,0,0
-0.30594610472369876,0,0
0.8365628063527395,0,0
-0.5101588206497225,0,0
-0.49731730113186545,0,0
1.649856692430528,0,0
1.5617554960144415,0,0
1.0273179669172283,0,0
0.8264444700848194,0,0
3.318021940953181,0,0
0.8383818141929543,0,0
-0.483664384684272,0,0
0.8177883698999355,0,0
2.5721019780288863,0,0
-0.589082422262581,0,0
-0.22470209606276978,0,0
-0.3860029153241684,0,0
2.2653286213010766,0,0
3.22725175412807,0,0
2.8908334510885854,0,0
0.39284985065929234,0,0
4.512143805666873,0,0
0.31529792486202035,0,0
1.0258102970899023,0,0
1.0141784958659505,0,0
1.4120687503213734,0,0
0.809835402353153,0,0
1.9907050555913097,0,0
-0.21162739112981135,0,0
0.37645412847147186,0,0
0.7359079652069036,0,0
0.28873166480726653,0,0
1.461544919436693,0,0
2.742213951044278,0,0
1.4874950787188461,0,0
1.4066277605200765,0,0
3.7490176105785813,0,0
1.2860227526265937,0,0
1.4326590955506227,0,0
0.4957111470440083,0,0
0.6979130404296734,0,0
-0.20881909773263344,0,0
-0.9628194582807819,0,0
-0.8618643543911427,0,0
1.0968411583875766,0,0
0.5506408836199341,0,0
1.0278036815050902,0,0
0.9623136472544662,0,0
1.76111382625533,0,0
2.8759662914613746,0,0
2.0508886921570992,0,0
0.5133253164039092,0,0
-0.288924751763211,0,0
1.0314978749895203,0,0
1.0508168552549573,0,0
0.6815127904757873,0,0
1.0505677489439613,0,0
2.0785908422762347,0,0
1.0787934242784105,0,0
0.38497909572538436,0,0
1.3523893557581563,0,0
1.6441024477786197,0,0
1.3237970227987244,0,0
3.119678253437783,0,0
1.9957367991588018,0,0
1.6529147775842903,0,0
2.0284129494961207,0,0
1.1799534451598912,0,0
1.0469793620045458,0,0
3.219664312429202,0,0
0.3546894133760625,0,0
2.3538559075798196,0,0
0.802935716709277,0,0
1.9672108753867066,0,0
1.436903449729535,0,0
1.1080904723737046,0,0
3.7244499545120013,0,0
1.5584871052600109,0,0
1.0620921528660998,0,0
1.280027255136208,0,0
1.48362735597816,0,0
1.2078413759501274,0,0
0.7714743654089564,0,0
1.4980937356436166,0,0
1.614041396145122,0,0
1.3270776187038436,0,0
0.3618259741895753,0,0
1.1233932583533512,0,0
1.0653890911554391,0,0
0.9724610155500566,0,0
2.902980823408683,0,0
1.74648617902563,0,0
1.049868990761164,0,0
0.28142257688875477,0,0
1.2643172509091598,0,0
0.5369219177536959,0,0
0.4847854087793797,0,0
0.7985706957776103,0,0
1.4196781150037885,0,0
4.337683069901055,0,0
1.8302796817744729,0,0
1.3399738621755841,0,0
2.512762111705259,0,0
1.8262310510299105,0,0
0.8235120181867929,0,0
-0.1531701957172528,0,0
2.2035049373970232,0,0
-0.29028595716626415,0,0
0.16098865188065134,0,0
0.969351991836896,0,0
0.8035945353501633,0,0
-0.30100933735782553,0,0
1.5407010848237859,0,0
0.050445054288614476,0,0
0.9738331678151878,0,0
1.167808056807125,0,0
-0.8715869155067557,0,0
-0.8097920423687841,0,0
0.031119744369004686,0,0
-0.46776000780283333,0,0
-0.5773704518223084,0,0
-0.6595435161205772,0,0
0.056733341737574036,0,0
0.37902408279047284,0,0
1.720143746539379,0,0
0.3044564669746864,0,0
0.6741325145524456,0,0
0.4823838453089303,0,0
-0.3167592140392723,0,0
-0.44604283687205926,0,0
-0.9889774030403926,0,0
2.6078219460375416,0,0
-0.24561739500075488,0,0
-0.43114868053122146,0,0
-0.6813281365664556,0,0
-0.41690015530627567,0,0
0.0908102491569179,0,0
-1.1854049785357004,0,0
0.018655156092060886,0,0
2.3340363261540147,0,0
2.8280523410146063,0,0
0.4680282316144956,0,0
1.6913503843149467,0,0
0.7553800392068579,0,0
1.1944299437131143,0,0
1.8616180224223913,0,0
-0.40313748839490715,0,0
1.3674950516432987,0,0
0.6282029305353536,0,0
-0.3222082719065462,0,0
0.4549793928536763,0,0
-0.6282914603240131,0,0
-0.9680022030597835,0,0
-1.1344498904489249,0,0
-0.804758745703106,0,0
0.03092953598408079,0,0
-0.23586499061084978,0,0
-1.1481068620083132,0,0
-0.29408013222824325,0,0
-0.6022934805353035,0,0
-0.961152891414782,0,0
0.5734087010973221,0,0
-0.2749794300224616,0,0
-0.4791537766993985,0,0
-0.17664421488287957,0,0
0.10452716592782477,0,0
-0.8451408891175121,0,0
-0.14888655187096023,0,0
0.08773094261704782,0,0
0.08651684706750047,0,0
-0.2439683947021888,0,0
0.29064068284565703,0,0
-1.3566530555265623,0,0
0.7975808323660948,0,0
2.1329774263854717,0,0
-0.776793099204416,0,0
-0.4998917231818547,0,0
2.7920084439586397,0,0
0.20733922551965328,0,0
-0.14272125626825471,0,0
1.7575657312896518,0,0
-0.40509830778019784,0,0
-0.8944698074317596,0,0
0.6702871629344798,0,0
-1.4730363726509914,0,0
-2.083265853311937,0,0
-1.2511564507991062,0,0
-1.918523991264116,0,0
-1.1078137956948246,0,0
-1.897272883840964,0,0
0.7004481802767342,0,0
-2.5492792212249036,0,0
-1.9970174721385692,0,0
0.6036529396476435,0,0
1.2787734517312632,0,0
-0.2594722921464446,0,0
-0.6133398109937472,0,0
-1.4810411728922808,0,0
0.9122993881715898,0,0
-1.9874067325163565,0,0
0.5413712166089095,0,0
-0.893544484141189,0,0
-0.21125820497012907,0,0
0.02920558347599237,0,0
0.1650717568089476,0,0
-0.7239273667915369,0,0
-0.4883147204325371,0,0
-1.0191242505453149,0,0
-2.0449135367156366,0,0
-0.4565785661361277,0,0
-2.2994013448607475,0,0
-2.6773860955419533,0,0
-1.7424005843910049,0,0
-2.576004238830232,0,0
-2.938629464347957,0,0
-3.852208426199558,0,1
-2.8021595252825593,0,1
-0.9551350567532795,0,0
-1.4247808867824425,0,0
-1.9305577541116414,0,0
-1.8292534221905283,0,0
0.3211039818336462,0,0
-2.187048163475642,0,0
-2.4937786634109638,0,0
-0.07324834536259847,0,0
-0.6012240638346064,0,0
-0.9035556598130478,0,0
-0.5764330670419862,0,0
-1.8504452694334115,0,0
0.008651232755945357,0,0
-0.571638947153761,0,0
-1.0970994708443684,0,0
-2.646084046793343,0,0
-0.4194731584350251,0,0
-2.697887415083802,0,1
-3.875080679848244,0,1
-3.054776316696527,0,0
-2.9307758139283306,0,0
-0.49912050515311224,0,0
-2.103013403328596,0,0
-1.6540767609009268,0,0
-1.4322939495405576,0,0
-0.23823780114937645,0,0
3.175618583473164,0,0
-1.5694133863710313,0,0
-2.877754486114967,0,0
1.8940391477466438,0,0
-1.6753639474054403,0,0
-2.3295535507653935,0,0
-0.7830494084490203,0,0
0.4929053570213001,0,0
-1.073236022125712,0,0
-0.34483871518126796,0,0
-0.2662311025674414,0,0
-1.7153348833567406,0,0
-2.0471001202809536,0,0
-2.3668335118601447,0,0
-0.9128786503213303,0,0
-2.943598392101232,0,1
-2.6732817638766346,0,0
-2.280971559460324,0,0
-1.1186198559244642,0,0
-2.020673326310155,0,0
-0.9420948658165433,0,0
-0.0930925467657161,0,0
1.0756256039278331,0,0
-0.47653197685106274,0,0
-1.1757479989941007,0,0
-2.294059125704156,0,0
-1.5212621723666075,0,0
-0.32830127012426946,0,0
0.055396671530089085,0,0
-1.3496134823574868,0,0
-2.9736590529862035,0,1
-2.210197403278714,0,0
-1.44582626669572,0,0
-1.0389575365818784,0,0
-0.6386070746524423,0,0
-2.3514127565752645,0,0
-0.4378997060037102,0,0
-1.6635402815178277,0,0
-1.8565954998710887,0,1
-1.5850883314827815,0,0
-1.3326561236482277,0,0
-1.8420424923112295,0,0
-1.2936176435484883,0,0
-3.564504161410404,0,0
-0.9558046276022567,0,0
-1.2701438498919624,0,0
0.6214417162985666,0,0
-1.0806264123785023,0,0
-2.58709483141256,0,0
-2.415823626496263,0,0
-1.159932836585457,0,0
0.18379206410927157,0,0
-0.04449154479987903,0,0
-1.2781922638856553,0,0
-0.6709776571828047,0,0
-0.17264697317491923,0,0
-2.4666493176947193,0,1
-1.9295351198426114,0,0
-0.7386025061902877,0,0
-2.2225429648040547,0,0
0.4212429396295193,0,0
0.10253220700039717,0,0
-0.6940010754099388,0,0
-0.26354403819166283,0,0
-1.0627149458004501,0,0
0.5150108341296294,0,0
-1.520428110458294,0,0
-0.6893684036743116,0,0
-0.9356439174674158,0,0
-2.961730777845346,0,0
-2.0592767246749726,0,0
0.6132766886001804,0,0
-2.2539607252564586,0,0
0.2745410789696594,0,0
-0.3508139400931294,0,0
-0.9476168309467228,0,0
-3.5110027388054634,0,1
-4.018476835279546,0,1
-4.517315817635062,0,1
-3.2581230548388813,0,0
-0.09217979993428371,0,0
-0.3046655605934975,0,0
2.703490904707427,0,0
0.18791353368009978,0,0
-1.5613928369979013,0,0
0.01661251600223046,0,0
1.3307331016300754,0,0
1.2746001153027502,0,0
-1.5896933397239303,0,0
0.5783901762938015,0,0
-0.3079755561773132,0,0
-1.402733910436023,0,0
0.63675902762387,0,0
-0.6398249148141347,0,0
-0.024704239889417057,0,0
0.8792882313216762,0,0
0.23043350910069316,0,0
-0.046966004252128504,0,0
0.6321458762889278,0,0
1.1164293157728555,0,0
-0.04326251694255445,0,0
0.0396716201169771,0,0
-0.7024822287783852,0,0
2.7944546765572214,0,0
-0.19300603708417222,0,0
0.0613979865900668,0,0
-0.5142058547238729,0,0
-0.60579237292791,0,0
-1.3436969081277592,0,0
-1.4880742020188535,0,0
-1.1392773874673472,0,0
0.7000358237054355,0,0
1.6710878533521436,0,0
1.9797043758152135,0,0
0.7014821118958989,0,0
0.9900645033092995,0,0
-0.3938897772215326,0,0
0.034383595116070954,0,0
1.1472014747739623,0,0
-0.21215194858000405,0,0
1.07111597828766,0,0
0.34428389379360846,0,0
3.069980861155896,0,0
2.405368420702882,0,0
1.9285841878647936,0,0
-0.07879186139859332,0,0
2.3904459326298784,0,0
3.2100489365305482,0,0
2.4927456672865267,0,0
1.1720996715599041,0,0
-1.1451004593400873,0,0
0.3282396159599609,0,0
0.8677741655386821,0,0
-0.43012063855252536,0,0
0.524772078785289,0,0
0.15990461902889935,0,0
0.27706180152438975,0,0
0.07028690511576523,0,0
0.800459738791296,0,0
0.8654848186821836,0,0
-0.14722762220163182,0,0
0.13272756705267372,0,0
1.0157654267204943,0,0
-0.35851661851823347,0,0
0.11688749173146758,0,0
1.002124402159316,0,0
0.856897289139025,0,0
0.4990291806940922,0,0
-0.0902308874854883,0,0
0.9875751553635387,0,0
1.479067946939903,0,0
1.6992154479079207,0,0
1.0227767690029272,0,0
0.633171120694542,0,0
0.24153654452445417,0,0
1.4242641781114935,0,0
1.4698227995167696,0,0
0.1127081635036949,0,0
1.2659248484501977,0,0
-0.1492996750600252,0,0
1.4254195595002095,0,0
1.2750011964444148,0,0
1.1306044488041347,0,0
0.936399007581755,0,0
1.341651322351283,0,0
0.8736888633961991,0,0
0.7996526915454943,0,0
1.0270035310919028,0,0
1.532750312576532,0,0
1.0101199277464186,0,0
2.012951729981325,0,0
0.30364462843542916,0,0
1.0664382900565577,0,0
0.7008027139084102,0,0
0.8375798116616499,0,0
1.9778299603746936,0,0
0.10823280972577715,0,0
1.5527633996905086,0,0
0.589344172020771,0,0
2.276796340163647,0,0
1.3721140648491377,0,0
0.7068612363680609,0,0
0.4064708570137887,0,0
1.0135150951217922,0,0
0.729007642127431,0,0
1.1935477125669036,0,0
1.9519575130853837,0,0
0.8940506895775427,0,0
1.7351612206247318,0,0
0.17488432561656797,0,0
1.1719245714985502,0,0
1.136981300141515,0,0
0.7344657767934643,0,0
1.0965054823632223,0,0
0.3439396867613037,0,0
1.3991641033838638,0,0
0.4304254113304723,0,0
1.1340381257251215,0,0
1.556476156383112,0,0
4.566722400287896,0,0
1.4925412864319112,0,0
2.008915744987071,0,0
0.7530141140339,0,0
0.9157651208523193,0,0
0.2045003310761249,0,0
1.0652855220135091,0,0
4.644563314046265,0,0
1.8132262064940252,0,0
1.1802728798062365,0,0
1.7066194130239627,0,0
1.3115396437578455,0,0
1.442261686221884,0,0
1.1861076553291605,0,0
1.7216746691925118,0,0
1.1805412991034108,0,0
-0.4134712116460011,0,0
0.6852542345613126,0,0
0.20285669725795383,0,0
0.6114416201036686,0,0
0.31803685840673285,0,0
0.5215968096031761,0,0
0.26404451480325725,0,0
0.9534976391510697,0,0
0.41889152015548725,0,0
0.7502329668256645,0,0
0.0018388587689886493,0,0
1.4595458303064628,0,0
2.488858769986992,0,0
0.6859620741022926,0,0
0.325333154204563,0,0
2.3176989131615,0,0
0.6884033163136826,0,0
2.485039589374741,0,0
2.1741287847853847,0,0
2.4550011789384945,0,0
0.3056662494019442,0,0
-0.3915031861007774,0,0
1.0642983158948505,0,0
1.0318819042641278,0,0
1.119953790395117,0,0
0.8036543126201291,0,0
0.6996412274040335,0,0
0.4203430202809406,0,0
1.2146523740914492,0,0
1.5908059974279356,0,0
0.1536912207013444,0,0
-0.09039486292288204,0,0
0.5417008909769616,0,0
0.661787101699971,0,0
0.2175442080160206,0,0
0.0813931453070953,0,0
0.9114819772880715,0,0
0.7983332869657737,0,0
0.2929810256647268,0,0
0.21293149169789533,0,0
1.2026701767366614,0,0
-0.48598434511141353,0,0
-0.5206996500672829,0,0
0.3405323324294196,0,0
0.8217569512858419,0,0
1.030336392544586,0,0
-0.29562431040238446,0,0
1.4632187883462593,0,0
0.3866466942637793,0,0
1.101714105758835,0,0
2.309085530263807,0,0
1.4710934501480797,0,0
0.7096198021662729,0,0
0.7335232762532886,0,0
-0.5123174938758579,0,0
-3.222892533975969,0,1
-0.2774213366971682,0,0
1.8667909135488443,0,0
0.6244449043353325,0,0
1.411897841659905,0,0
0.5412314860489624,0,0
-1.736305289438901,0,0
-1.9051349939487725,0,0
-0.020268077463246853,0,0
0.35413125998629924,0,0
1.0531770279931878,0,0
-1.1305229517052813,0,0
2.712374182407354,0,0
-0.3051454278119654,0,0
-2.32805030688485,0,0
-0.46353143656537144,0,0
-1.016489631206891,0,0
3.0178752463608203,0,0
0.4565124411598106,0,0
-0.3595584290814736,0,0
-0.6245505535562156,0,0
0.4896135843060928,0,0
-0.6150998033110192,0,0
-0.36102541750702,0,0
-0.25709169721622893,0,0
0.977185889479711,0,0
0.17993172314250216,0,0
-1.5470948389268913,0,0
2.049330407203657,0,0
0.9712273022133229,0,0
-1.2756817215642395,0,0
-0.04805932388430638,0,0
-1.7866075905085237,0,0
-2.1561631712608795,0,0
0.12250032536613903,0,0
-0.6859777595794644,0,0
-0.32691981440517737,0,0
1.3712582575316263,0,0
-0.04727530608257563,0,0
2.4699298181558262,0,0
-1.4398681262972401,0,0
-0.44383879316181696,0,0
1.1131835947987725,0,0
0.33906178646247276,0,0
-1.1582867516675257,0,0
0.33020644209102834,0,0
-2.3850728436903372,0,0
-0.2865763093454493,0,0
0.6171882092708058,0,0
-2.3627498292403484,0,0
-2.591485852296238,0,0
-2.7858566442513393,0,0
-2.4161449273217444,0,0
-0.5285025320727428,0,0
-0.56303147628727,0,0
-0.3735811632900997,0,0
-1.0353059476802706,0,0
-1.3136983650859788,0,0
-0.7427725312266651,0,0
-1.7768710929213125,0,0
1.5832138316021334,0,0
2.0773426830469965,0,0
-1.8074930290582867,0,0
-1.152014274766163,0,0
-1.418039988925735,0,0
1.1017104044145043,0,0
1.820683893599762,0,0
4.199879051346327,0,0
0.4176328927126779,0,0
1.919615148127794,0,0
-1.4969156374770296,0,0
-1.7993135160487694,0,0
-2.0699379014572648,0,0
0.8300296851675082,0,0
0.7693250554572973,0,0
1.43496478813819,0,0
-0.2808460421895056,0,0
0.17571215160763592,0,0
2.0325948252444284,0,0
-1.046222803251913,0,0
-0.5888962069787571,0,0
-2.5626862602940075,0,0
-3.358474418323157,0,1
-3.4017333425238347,0,1
-3.334193988552329,0,1
-3.148527908591911,0,0
-3.118234611313802,0,0
-0.33241433865484793,0,0
-0.7525542743239872,0,0
0.02439883804746995,0,0
-0.28336346070315466,0,0
-0.6621550383593177,0,0
-2.599970876965766,0,0
-0.6066750415820704,0,0
-0.4850825689912136,0,0
-2.2658287804573334,0,0
-0.7012668410482585,0,0
-2.651883048294597,0,0
-3.1487207263883112,0,1
-2.9371406947974963,0,1
-3.5844358558717553,0,1
-0.44924910794275386,0,0
0.1738763909493001,0,0
-0.7687378703760556,0,0
0.31530183804961665,0,0
-0.0723250570645172,0,0
-0.9593277882552684,0,0
-1.7362025329237747,0,0
-0.23119458427016995,0,0
-1.5465049022718496,0,0
-0.6949436290464067,0,0
-0.6550017501668438,0,0
-3.2923822306236965,0,1
-3.409518653420442,0,1
-4.417958587319688,0,1
-4.868984945640237,0,1
-3.324615589015641,0,1
-0.5562850246774114,0,0
-3.0210807281246277,0,0
-3.39838814367748,0,1
-0.7695642773721736,0,0
-0.9662156372847979,0,0
0.07422911800330986,0,0
-0.7966404337726452,0,0
-0.7155511132283935,0,0
0.06307261256791231,0,0
3.05496775329389,0,0
-1.2022612331101161,0,0
-2.4115647269406346,0,1
-3.3729847718827934,0,1
-1.0742271698811208,0,0
-1.5464073177779187,0,0
0.3316491850463825,0,0
-0.4475547425535724,0,0
-1.826657026777247,0,0
-2.304758168964841,0,0
-1.6111558109697401,0,0
-2.611882929439808,0,0
1.2917106562443703,0,0
-2.554850263239639,0,0
0.2288563634935796,0,0
-0.772297852406575,0,0
-0.8330646685092783,0,0
-1.7299635919567948,0,1
-2.6734100520881294,0,0
-1.8126632509160858,0,0
-1.8465728954408394,0,0
-1.7451914657294483,0,0
-1.308439188315913,0,0
-1.4620144205191463,0,1
-2.38551540983551,0,1
1.8154572340765494,0,0
-2.586937847673618,0,0
-2.007298238225131,0,0
-0.8658889531427931,0,0
0.14811982966055354,0,0
-2.5461215970600777,0,0
0.14134876370429084,0,0
-1.1556358427852238,0,0
-2.1165126375863004,0,0
-0.6337615531769947,0,0
-1.3226770331914193,0,1
-0.39236056468561153,0,0
-2.986349325834594,0,0
-0.5604669140364854,0,0
-0.28918711894062266,0,0
-1.5853789094497035,0,0
-2.8305376286128143,0,0
-2.1936546587604755,0,0
-1.3089334949257423,0,0
-1.9528038721651382,0,0
-1.2161850791472644,0,0
0.3582696300432505,0,0
1.9906704194482832,0,0
-0.21600140962608663,0,0
-1.5079652751000339,0,1
-2.525057096249887,0,1
-0.3973866048919714,0,0
-0.3099618807011526,0,0
-0.1746572902969971,0,0
-0.5989031230527013,0,0
-1.0074141058945014,0,0
-0.9759489053203627,0,0
-1.1899732332742035,0,0
-0.00285152400571885,0,0
-0.6890013738959372,0,0
0.6319328047734556,0,0
-0.07648025418747573,0,0
-1.2436019354699799,0,0
2.924585062252058,0,0
-0.5526236360076179,0,0
0.3118663753104456,0,0
-0.8713831101556448,0,0
0.010056843507265135,0,0
1.3069075633904326,0,0
0.16789305748039246,0,0
-1.0244666357639738,0,0
-0.5308185011249975,0,0
-0.21951281990042706,0,0
-0.30233830720880717,0,0
-0.4605884365697678,0,0
-0.4627686575508606,0,0
0.28828182594145035,0,0
-0.5251289317536281,0,0
0.17071633360467264,0,0
0.8789863582274319,0,0
0.3206434479930801,0,0
-0.8008485610607028,0,0
-1.5745886495205756,0,0
-1.4157733824284926,0,0
-0.8572301643528979,0,1
-1.5143718364010885,0,0
0.9018290963280589,0,0
-0.6883784070403901,0,0
0.841146763921068,0,0
2.5805951174922495,0,0
1.6898429995573647,0,0
0.10452061834632381,0,0
3.6949103257538725,0,0
1.0908786050653305,0,0
0.49346683299166083,0,0
0.5124762565050425,0,0
0.8864214268043642,0,0
0.25115383234481514,0,0
1.0509245250602222,0,0
0.40225616350281845,0,0
0.6688856277198101,0,0
1.124269759297846,0,0
1.6611131190633563,0,0
1.5894232895522773,0,0
1.3439420522507872,0,0
0.506673892523963,0,0
0.17923793220334164,0,0
1.502231642565693,0,0
0.5224317869793786,0,0
1.0441750801565202,0,0
1.181703457820757,0,0
0.7250052004727234,0,0
0.8262764475405726,0,0
-0.6522695207641765,0,0
1.325662757867203,0,0
0.09875832352860361,0,0
0.5107173693385689,0,0
0.440014209332543,0,0
0.07718732972865151,0,0
-0.7743730910460611,0,0
-1.1678816317265204,0,0
-1.5309383463479225,0,0
-1.5587798848821035,0,0
-0.09278365534314689,0,0
1.3789421253309553,0,0
1.5684302501225782,0,0
0.7006953527890187,0,0
1.4959256641379401,0,0
1.5081596208839816,0,0
1.6779803590352675,0,0
2.194600246897368,0,0
5.736042284073202,0,0
2.378370355236994,0,0
0.47823507215234407,0,0
1.101244126746631,0,0
0.33639406199110855,0,0
2.055330628207547,0,0
1.5043571360498083,0,0
1.6221767635863997,0,0
1.508935778310377,0,0
0.5777481415229528,0,0
0.20506441310105564,0,0
-0.30982236789955664,0,0
1.0712779278032476,0,0
1.0780208766840225,0,0
0.35974379592368666,0,0
1.1012065158282722,0,0
0.7721588944246837,0,0
1.4653167873982615,0,0
1.1951029697165623,0,0
1.3012484592760014,0,0
0.6097828106944999,0,0
0.42978922978600975,0,0
0.3910880862225742,0,0
0.8010511993065613,0,0
0.1024867295139571,0,0
0.2830018115942994,0,0
0.34363437370782335,0,0
3.0332962867220545,0,0
2.425139295424332,0,0
1.575388764202389,0,0
1.9290516585027166,0,0
0.6772690562888718,0,0
1.5382494970540852,0,0
-0.07914452878272935,0,0
1.1632464506475493,0,0
4.611846726858777,0,0
1.7535894448808156,0,0
1.2341315363976273,0,0
-0.20878506068015176,0,0
3.494303345528478,0,0
1.8535886258530108,0,0
0.04909701025522102,0,0
3.0593408904583614,0,0
1.0789953738782347,0,0
2.0874910585703113,0,0
1.955665123735488,0,0
1.824967153363824,0,0
1.0116712066130737,0,0
1.1660048441507282,0,0
1.5475591775026918,0,0
0.3590669730904904,0,0
0.48773768215168556,0,0
0.9145813618195913,0,0
0.6973975954380559,0,0
0.9324736838370414,0,0
-0.17881693340479504,0,0
0.8864142226587799,0,0
0.499969187755822,0,0
-0.11312278065334311,0,0
-1.5523495193629333,0,0
-0.8484630527190595,0,0
1.1080472863745463,0,0
1.030619696243908,0,0
0.2554188764457045,0,0
0.5703587402176842,0,0
0.8313064758032042,0,0
0.9429105342085614,0,0
0.7656703623674822,0,0
0.8833429600469618,0,0
0.08770175749905651,0,0
0.8309032468615392,0,0
1.2262069156582334,0,0
1.2636554570455416,0,0
1.5472301202279186,0,0
2.269471869863894,0,0
2.135919714823755,0,0
1.2190140268306093,0,0
3.228282454185285,0,0
1.3154960631052262,0,0
0.8711575006568721,0,0
-0.2959947398203231,0,0
-0.8773168109069814,0,0
-0.77183296151216,0,0
-0.3701953309663709,0,0
0.834727796152437,0,0
0.7629304832588729,0,0
0.23711761625574596,0,0
0.3868983563878967,0,0
-0.2458510020164478,0,0
0.31308244609176106,0,0
0.9898748947395107,0,0
1.7916782339251123,0,0
0.13606601585890618,0,0
0.3530452360504741,0,0
-0.027684492951976225,0,0
2.1470047251938165,0,0
2.5611976174950053,0,0
0.3470482867091078,0,0
1.0619066028518558,0,0
-0.0029756295113029796,0,0
1.7962358765614581,0,0
1.693609319208765,0,0
1.0289135879927802,0,0
-0.91036412685396,0,0
-0.4099337632105484,0,0
0.9590495994590722,0,0
1.19685620467417,0,0
0.16647167664397378,0,0
-1.4455557148336469,0,0
0.5859426271045082,0,0
1.4237528549145433,0,0
1.2424680237551355,0,0
2.468873954354996,0,0
1.238274512622691,0,0
1.4690646756395054,0,0
3.8800135052822817,0,0
2.280136848432229,0,0
0.9014542501611983,0,0
2.6407543035964043,0,0
1.1874004216103307,0,0
0.12401509427307938,0,0
-0.018500590268644715,0,0
-1.2598323553326995,0,0
-1.0176714055901714,0,0
-2.2398491026537655,0,0
-1.9758755749628398,0,0
0.277938135727714,0,0
-0.30318161352830464,0,0
-1.4339522000400884,0,0
-1.6655195572464143,0,0
-0.11518725866665314,0,0
-0.4656521004990063,0,0
0.508899560245275,0,0
0.4467883722510564,0,0
0.352532672207702,0,0
0.9265857068223383,0,0
-0.7916914443648658,0,0
-0.8383551355731814,0,0
1.8734697466859171,0,0
-0.5449269666331557,0,0
1.886668784882944,0,0
-2.6369121772424555,0,0
0.6269697177439245,0,0
-2.3424817660287154,0,0
1.6167253190189819,0,0
0.16404412244995045,0,0
0.07571371329751525,0,0
-2.340881727117785,0,0
-3.1662308599385907,0,0
-2.520944279825627,0,0
1.5422304520370433,0,0
0.6400468721274684,0,0
1.3785155437846834,0,0
-0.7910821076796343,0,0
-0.1700936159912822,0,0
0.06823444185020343,0,0
0.037395937799464665,0,0
-0.44445720949210943,0,0
0.5737340064149113,0,0
-1.7180846872784101,0,0
-2.8338501441284554,0,0
-1.3898955214438697,0,0
1.0212483816212943,0,0
0.6644425519986625,0,0
1.537582997188614,0,0
0.123943863377799,0,0
0.9599363661011563,0,0
2.108375568172043,0,0
0.11933364743107319,0,0
1.0619570295404457,0,0
0.23502397132355202,0,0
2.3895593535416637,0,0
-0.8495853734224039,0,0
-0.4671785849828046,0,0
1.0894916603589715,0,0
1.4029252323178625,0,0
1.532073117971231,0,0
-0.5300051224747756,0,0
-0.39641441284547085,0,0
-2.5969202522436827,0,0
-2.760251130143327,0,0
-2.792619809404776,0,0
-3.031699969543393,0,0
-4.110856629604584,0,1
-4.184189658968991,0,1
-3.5366206289917383,0,1
-4.042133657187705,0,1
-4.042326306849577,0,1
-3.266265557263409,0,1
-4.79162453047723,0,1
-4.486248846147755,0,0
0.0735584244911653,0,0
-1.2484513774674408,0,0
-0.4212932958868981,0,0
-1.1771644281289404,0,0
-2.49622033578103,0,0
-2.372869211529801,0,0
-1.882299930809175,0,0
-1.4107838517297862,0,0
0.8508692026226249,0,0
-0.611178587245588,0,0
-0.09070926298873935,0,0
-1.172557736679934,0,0
-1.8649440809330133,0,0
0.0007461746067440739,0,0
-1.4421032117273767,0,0
-1.8572347887659384,0,1
-3.3543749730979395,0,1
-1.9138340265095113,0,0
0.38627480748013243,0,0
-0.053628989356088605,0,0
-2.2404879844258825,0,0
-0.8841179600293998,0,0
-2.4044104188654636,0,1
-2.077264202946785,0,1
-1.1014419378171336,0,0
-1.685269326020483,0,0
-0.29683642807154376,0,0
-1.2270735356464306,0,0
2.813115878838097,0,0
-2.1103737573177312,0,0
-1.4593064885616531,0,0
-2.3879831746754676,0,0
-1.4517730370728543,0,0
-3.555905879436642,0,1
-3.9423998651979884,0,1
-3.8701136797460784,0,1
-3.7060653049670376,0,1
-4.261441118120356,0,1
-4.846632836879239,0,1
-3.1002202233511147,0,0
-1.456373941661435,0,0
-1.2357870381964222,0,0
-2.2481276989311842,0,0
-1.3910658360391346,0,0
-0.578970444796074,0,0
-1.7768408530861042,0,0
-1.4518134902279989,0,0
0.48678387840492265,0,0
1.0704559385545869,0,0
-1.2377762111682489,0,0
-0.5246855749805553,0,0
-0.020520686606009864,0,0
-1.0407470734598008,0,0
-2.446155942868377,0,1
-3.171730248099779,0,0
-0.5987411003920307,0,0
-0.1697137326300262,0,0
-1.061457102726976,0,0
-4.252084218585393,0,1
-0.6343657410934531,0,0
-2.136943900853007,0,0
-2.9150168951913416,0,1
-1.3294938236639946,0,0
-2.622613983562244,0,0
-2.2409112234161634,0,0
-2.434135354782352,0,0
0.49715910212909087,0,0
-0.9172202885669779,0,0
-0.9644659410910119,0,0
-0.4546799617766879,0,0
-0.0067960139602814135,0,0
-0.41612496265072674,0,0
-1.236804311197388,0,0
0.5626727170000531,0,0
-2.0246488829906943,0,0
-1.0596824412380608,0,0
-0.540475209053866,0,0
-1.0227942368294745,0,0
-1.0874669232929952,0,0
-0.989292400037717,0,0
-1.828671080804446,0,0
0.4642849189450504,0,0
-0.12281635591380619,0,0
1.95190878330635,0,0
0.0048347032869847095,0,0
-1.6162983333215388,0,0
1.335751661809025,0,0
0.060139987305240485,0,0
-1.665596238767548,0,0
-3.2517098287201835,0,1
-3.1525979721892448,0,1
-2.1311767469682668,0,0
-0.23773558907102196,0,0
-0.456814075675228,0,0
0.7307743730652239,0,0
-0.9793119776879415,0,0
-2.1920824409318116,0,0
-1.883407099695894,0,0
0.9153576890420885,0,0
-1.2370523146577679,0,0
-0.6747570293040859,0,0
2.9675432008828526,0,0
2.037247978514319,0,0
2.9890685630077485,0,0
-1.716569414244566,0,0
-0.6848750799464546,0,0
-0.2613086992582453,0,0
-1.4401865474382607,0,0
1.5199676536639255,0,0
0.5754106855658457,0,0
-0.5339130384880073,0,0
0.7434265854631086,0,0
-0.5276954389131725,0,0
-1.3069465930153856,0,0
-1.0278091852415507,0,0
-1.1322811612898005,0,0
1.524568433089496,0,0
1.1488791021470013,0,0
-0.6242779399472662,0,0
-0.3602728979348093,0,0
0.3148903576814916,0,0
-2.2385536288727597,0,0
0.6114123589005638,0,0
-0.7623336878843667,0,0
-1.444496270161347,0,0
-1.4792894884609264,0,0
-1.2266198151486334,0,0
-1.0770774510211556,0,0
-0.44667763346026745,0,0
0.3535639812011886,0,0
1.2592038233667564,0,0
0.21972722586832902,0,0
0.931800920628217,0,0
1.2367371861187746,0,0
-0.1778923286069848,0,0
-0.30783325918533155,0,0
0.6385289196873926,0,0
5.366617574634801,0,0
-0.3640439668517834,0,0
1.0039285806209695,0,0
0.5715762716147242,0,0
0.383207724022277,0,0
0.4931523234682219,0,0
-0.8464263996748718,0,0
-1.0523619233607897,0,0
-1.4051598468843391,0,0
-0.35801491471317193,0,0
-1.2111031677719817,0,0
-0.4043820697403767,0,0
-0.46879415525228196,0,0
0.9963768709453267,0,0
0.2998137640808606,0,0
-0.10554511869328295,0,0
1.5661266434851666,0,0
0.15311779624533173,0,0
0.5207144449951747,0,0
0.302420890980447,0,0
2.0807883055668723,0,0
2.8860778707576027,0,0
2.750385727017317,0,0
1.8785117417557438,0,0
-0.12263426712452219,0,0
2.5613511134585605,0,0
0.5393107200912565,0,0
0.6075461380963719,0,0
3.5234459456404217,0,0
2.0611815178969066,0,0
1.3789939974488385,0,0
0.5878996921885612,0,0
2.0861277169971038,0,0
1.1814559739923696,0,0
1.0381111353224755,0,0
2.425408061625344,0,0
4.076794877621084,0,0
0.9763292723225127,0,0
3.0930881977975195,0,0
0.8755681664701916,0,0
2.6830238983436234,0,0
1.407890057859378,0,0
1.796698711405002,0,0
1.682603367896445,0,0
0.9644329335326971,0,0
1.8723404415962885,0,0
2.170470023162466,0,0
0.20178986454277448,0,0
0.8258740911678383,0,0
1.9504038080940118,0,0
2.5041988335636005,0,0
1.778936201961766,0,0
0.5467907489067515,0,0
2.0511653457940926,0,0
-0.1766187101817393,0,0
0.4929032203767515,0,0
0.8185784161857217,0,0
-0.032477430288417694,0,0
0.28416549618780984,0,0
0.3326123421006233,0,0
0.3773439935344185,0,0
0.2194448092891388,0,0
0.4513695215858682,0,0
1.1025862063919403,0,0
3.4788121566337376,0,0
1.5489258779197794,0,0
1.3643944604450695,0,0
1.0481827583993415,0,0
0.7831666004671336,0,0
0.8233012975775419,0,0
1.1890149332492927,0,0
0.8306207469910207,0,0
0.10745924945131183,0,0
0.7822622433349883,0,0
1.9926357713407803,0,0
1.4834889838916505,0,0
2.058039322165856,0,0
0.16351001715586116,0,0
0.5841372635924862,0,0
1.1684556734542328,0,0
0.553535053519978,0,0
0.0601450402213353,0,0
0.9650984417352322,0,0
1.362923820104632,0,0
3.0720775800013467,0,0
1.6016240979682064,0,0
0.9575914032010882,0,0
0.4604734901569665,0,0
0.40779019016936924,0,0
-0.04461093410480353,0,0
0.636537845969509,0,0
0.4804661252460055,0,0
-0.30174495884617136,0,0
0.8962144719751922,0,0
0.9494009462578229,0,0
0.7699388339628057,0,0
1.0071660644502523,0,0
0.47661044558724386,0,0
1.093609792157532,0,0
0.44955586923059854,0,0
-1.1251736006410302,0,0
-0.468946015344365,0,0
0.5703187055304815,0,0
1.1036513009023896,0,0
1.4307846697475732,0,0
3.684216403268622,0,0
0.22992825738853873,0,0
2.327256899440276,0,0
2.0468875374435465,0,0
2.082427667987303,0,0
1.4073606372361664,0,0
0.7097999628392773,0,0
1.952562298282698,0,0
1.6118476704633138,0,0
0.7468616071442239,0,0
-0.6410779382934146,0,0
5.578608641200028,0,0
1.6011806145972771,0,0
1.305830406602596,0,0
3.393378696951433,0,0
1.815695038060906,0,0
1.8144793025466324,0,0
1.3305642897385683,0,0
0.26121811434695474,0,0
1.7795507072983245,0,0
0.6220524714820986,0,0
0.9446062733742202,0,0
-0.7509078084652339,0,0
1.3940425280900381,0,0
0.3178814011144226,0,0
0.3009444393615749,0,0
3.928249842239969,0,0
0.5382303283118274,0,0
1.3441480733013251,0,0
1.3621584855462343,0,0
-1.0681136594166603,0,0
0.7219985067954401,0,0
2.4263497194963297,0,0
-1.2226793996941483,0,0
-0.11122776891095498,0,0
0.08127056902349428,0,0
-0.34861663562232936,0,0
0.9939816854435649,0,0
1.1031218534304725,0,0
0.8521981706317167,0,0
0.6615243438683854,0,0
-0.5858921347516182,0,0
1.3009578324293813,0,0
-0.6325859913450029,0,0
0.5834287424474184,0,0
0.2101621488600918,0,0
-1.1462476243076902,0,0
-1.8834821747373018,0,0
-0.9395621268029504,0,0
-0.838202336915306,0,0
-1.4776298397259242,0,0
-0.4070064372950353,0,0
-2.2216186369817796,0,0
-2.868704426645881,0,0
-3.0425526817570163,0,0
-1.9166486257774247,0,0
-2.0325327775075652,0,0
-2.3637507768563433,0,0
-2.436209090126932,0,0
-1.9951996510345218,0,0
-1.0644637458774147,0,0
-0.22378526340880986,0,0
-0.046766998006895266,0,0
-1.2191548826594978,0,0
-1.6254329060452186,0,0
-2.639699557678663,0,0
-1.0468306835054424,0,0
-0.009313508945331145,0,0
-2.2802468373599076,0,0
-2.4210444930797155,0,0
-2.7740651393185245,0,0
-2.3271286017316934,0,0
0.2025674422867879,0,0
0.8168616143746518,0,0
1.6947526869056386,0,0
1.1605803629045253,0,0
1.095925943759107,0,0
-2.0228350398703383,0,0
-2.5857540810079036,0,0
-2.768707207305105,0,1
-1.901725779126831,0,1
-1.0635685728990163,0,0
-0.37906167088869624,0,0
-2.159607769274867,0,1
-4.2510954250494795,0,1
-3.7137482313248946,0,1
-3.2637381058114876,0,0
0.07692918931492415,0,0
0.5985797802259463,0,0
-0.6719931152787814,0,0
0.40801319279721127,0,0
0.13542696520030162,0,0
-0.9514903745850101,0,0
-0.48133612203808385,0,0
-1.7800415876641404,0,0
-0.09413200625262744,0,0
-0.6171627409824685,0,0
0.2938128634290338,0,0
0.8622736055578477,0,0
0.3430271510480053,0,0
-1.2032306857477002,0,0
-1.4602491015181922,0,0
-2.4759273169971245,0,0
-2.423816858357455,0,0
-0.01808444828187389,0,0
0.13693793193329817,0,0
0.3301448952060215,0,0
-1.6688734302703563,0,0
1.5410283951318382,0,0
-2.218792352331155,0,0
-2.2778158031992546,0,0
-1.1247988526323573,0,0
1.0564157370411726,0,0
-1.3617518696701532,0,0
3.2620039734206654,0,0
1.427883848994025,0,0
-2.7375531667922925,0,0
-3.861365810770453,0,1
-3.4764791336200283,0,1
-3.335923815229915,0,1
-3.612639055066562,0,1
-3.3578433750240637,0,1
-2.8886593850979176,0,0
-2.609998370794359,0,0
-1.0409214704530627,0,0
-0.4783350889378023,0,0
-1.2487486038943088,0,0
0.33157785479259294,0,0
-0.3358303227297338,0,0
-0.8094531380683588,0,0
-0.25116025052147617,0,0
1.059695924067806,0,0
0.632892788600772,0,0
1.5910128334925777,0,0
-1.2325759795021678,0,0
-1.5049589665125087,0,0
-0.5949888643366888,0,0
-1.928418996196843,0,0
-1.2479272276442126,0,0
-1.4795262984369122,0,0
-1.984923801134471,0,0
0.6963523031861059,0,0
-0.5347243204145432,0,0
1.1014453796381378,0,0
0.26279391845795463,0,0
-0.7251587825041428,0,0
-1.5067798590249883,0,0
-0.030423812292539335,0,0
-0.1992471721105333,0,0
-2.8127167398799213,0,0
-2.5129137160393493,0,0
-1.66489035977112,0,0
-1.8434774374158511,0,0
-1.4432566378728007,0,0
0.2616058664957688,0,0
-1.2394734062794464,0,0
-0.26237881404038566,0,0
-2.5606844790147414,0,1
-1.9870968400708748,0,0
-2.428042533387086,0,0
-2.4584835797098643,0,1
-3.0825473491141646,0,0
0.01064956332574065,0,0
-0.7955050548815241,0,0
-1.655157003686536,0,0
-0.6100248381890615,0,0
-3.430746498819455,0,1
-0.04186607976320057,0,0
-0.7400120834648097,0,0
-1.73650419615601,0,0
-1.97262977157996,0,1
0.2025141223315069,0,0
-3.5986510515949264,0,1
-3.3957734544151346,0,1
-3.548719592202158,0,1
-0.41279471627686415,0,0
-1.6497081420663042,0,0
0.41634397616493857,0,0
1.000540972740491,0,0
-1.653955675148273,0,0
-2.5962236071105,0,0
-3.306658092333913,0,0
-0.48503760832912846,0,0
-1.118164353935981,0,0
1.1268745644073057,0,0
-0.14039745943885362,0,0
-1.3891555286674009,0,0
-0.8082350828341051,0,0
0.9470240711349813,0,0
-1.3259530694260409,0,0
-1.1369501276494625,0,0
1.3124561658322862,0,0
-0.37951211698680765,0,0
-0.2093376199788092,0,0
-1.7722970296874907,0,0
-2.362640569343183,0,0
-3.3325099209556317,0,1
-1.7184998299487435,0,1
-1.1777977559958774,0,0
-0.9273390644488417,0,0
-3.7664796395730864,0,1
-1.5444126952630812,0,0
-2.7482285003635316,0,1
-2.418564272017895,0,1
-1.2650691224767188,0,0
-0.7998553390922164,0,0
-0.9748512695076113,0,0
-0.03451376501906214,0,0
-2.6881948322953177,0,0
-1.824452513815998,0,1
-2.2003335956071686,0,1
-3.23411321710081,0,1
-3.447841130887633,0,1
-3.5411209380566158,0,1
-2.7340379316474026,0,1
-0.8477062779786335,0,0
-0.5414600932205803,0,0
-1.02068014071933,0,0
-1.3194734464801747,0,0
-2.4506192769260635,0,0
-0.9309752012915993,0,0
-1.5353051981418213,0,0
-1.7870743303176355,0,0
0.0803529813521122,0,0
0.7193477504501962,0,0
2.1828196677203193,0,0
-1.2095641167327398,0,0
-0.30403076538768403,0,0
0.622231500560644,0,0
-1.222661864340684,0,0
-1.7716101465655598,0,0
-1.156897838612887,0,0
-1.80675925377123,0,0
0.026342109629680623,0,0
-1.0742736680588585,0,0
-0.511361981955381,0,0
-0.4566022998991863,0,0
0.9966559892487894,0,0
-1.163893524007246,0,0
-1.4014101490760358,0,0
-0.3471729430606373,0,0
-2.30596834165139,0,1
-0.9679921945730108,0,0
0.842846924906117,0,0
1.415902748000726,0,0
-0.342289440153026,0,0
-0.3695841864323214,0,0
-0.23169187765059748,0,0
-0.2888080648507423,0,0
0.632810892915201,0,0
-0.6263421257813985,0,0
-1.119484185484788,0,0
-0.9842093299699699,0,0
-0.7889127838607524,0,0
-0.669521501483997,0,0
-0.7407355130923134,0,0
1.3508027502949809,0,0
0.49896067685297685,0,0
-0.6148871557748133,0,0
-1.5150364972568602,0,0
0.18714248968459962,0,0
0.2342937016537781,0,0
1.2351822704841517,0,0
-0.11937976603890751,0,0
-0.5452277534053107,0,0
0.131050283989265,0,0
-0.09614977658105056,0,0
-0.7047147024359808,0,0
-0.2906691384788286,0,0
0.12014429180562944,0,0
0.2141645214824573,0,0
-0.04295289757162163,0,0
-1.1432816940291153,0,0
-0.3673530165404889,0,0
-0.9393246797859633,0,0
-0.6913176044642683,0,0
-0.19316274737256686,0,0
-0.28568914078220564,0,0
0.10727721380170643,0,0
0.01732814209111378,0,0
0.3379433106873273,0,0
0.6373063853659408,0,0
0.09220821274597077,0,0
3.761503102304434,0,0
2.0171597935598777,0,0
1.5226734869255434,0,0
0.23314962319684357,0,0
0.3031630364839158,0,0
0.6277706112765057,0,0
-0.09081543875781597,0,0
0.919177615968288,0,0
0.6188786252707094,0,0
0.3490022040286297,0,0
2.0132185147721158,0,0
0.6849737688398205,0,0
0.6209218608663041,0,0
1.7668726012782905,0,0
1.5238450674331412,0,0
1.416634310604411,0,0
0.49665998789154986,0,0
1.4396525686461772,0,0
0.5859706386100703,0,0
1.6405051025534783,0,0
2.179627259223091,0,0
1.2288830792572156,0,0
0.8632487206628471,0,0
-0.44945722453236714,0,0
1.769784034295447,0,0
2.549361476985042,0,0
0.5717793752597011,0,0
0.1859655766676686,0,0
0.3700981287684958,0,0
0.37250875043363585,0,0
-1.1061648333153742,0,0
0.321972798537708,0,0
0.14687076933754778,0,0
0.22041526253071791,0,0
0.5717341016136535,0,0
-0.14892818925384063,0,0
2.6244177797328176,0,0
1.1963208091877477,0,0
1.3252567055935616,0,0
1.1141838328996563,0,0
3.4204153996714712,0,0
1.0797324727976132,0,0
0.5785323506667732,0,0
0.8661219943984594,0,0
1.1833317877369427,0,0
0.9745494363544611,0,0
1.3087399938751902,0,0
1.7795974229944649,0,0
3.5065861736242647,0,0
0.7461354438529171,0,0
1.7877720676419893,0,0
1.5243219697572896,0,0
2.232464642133067,0,0
4.4827679781125775,0,0
1.3448014898096718,0,0
0.5228096647760401,0,0
3.3649131631032927,0,0
1.175567099598427,0,0
1.55372019911698,0,0
1.5005441025312016,0,0
1.615198700683638,0,0
1.3909424591743726,0,0
2.5134293357164905,0,0
2.954404969267271,0,0
1.824814710727274,0,0
0.9838211746985479,0,0
1.3005638469285496,0,0
1.288447069765944,0,0
-0.2130802540286941,0,0
0.4036266300362914,0,0
-0.5738490207885508,0,0
-0.9459377345509019,0,0
2.84862625471898,0,0
0.8943692947473882,0,0
0.7686428397876857,0,0
1.24242684021645,0,0
1.0142810195164937,0,0
3.908355246343688,0,0
2.202486973694636,0,0
3.9853139795524233,0,0
0.8411553690848612,0,0
0.842992187342745,0,0
1.243784683368018,0,0
1.1033926279024127,0,0
0.42095128143803684,0,0
-0.6989958385348278,0,0
-2.20937889393363,0,0
-2.0651422861985176,0,0
-2.22561645565598,0,0
-1.5493224837813198,0,0
0.12719383648312726,0,0
1.1044699492825194,0,0
-0.612573190015663,0,0
-0.7679064841463618,0,0
0.7675984410023674,0,0
0.7032877323374943,0,0
0.8604834431490014,0,0
0.3335503510756678,0,0
1.3113560481352793,0,0
-0.6443399253722626,0,0
2.1819912680704636,0,0
-0.0036915674464222947,0,0
0.17452258044410685,0,0
1.404626706476669,0,0
1.134743233647962,0,0
0.6022212969236513,0,0
-0.30495202788108655,0,0
1.3663311850373663,0,0
-0.777268278915388,0,0
0.388340122746756,0,0
1.3833329840772657,0,0
0.23559133468866886,0,0
1.0076895531958632,0,0
3.5271718840904596,0,0
2.7604385834628347,0,0
0.5366006560414585,0,0
-0.6596912417114663,0,0
1.320917279270002,0,0
1.6249915782548743,0,0
0.6862547587137886,0,0
1.366244377638619,0,0
-0.6738701859490828,0,0
-1.1641083861333132,0,0
-1.1582961731930335,0,0
1.4000261343818003,0,0
0.43216650273164026,0,0
-1.3746551666977875,0,0
0.521716174399521,0,0
0.883336285751857,0,0
0.36080972187972826,0,0
-0.22129437891753997,0,0
1.6660546204847135,0,0
1.0722759436049167,0,0
0.9453249417101365,0,0
1.911265799388712,0,0
1.497586580030587,0,0
-1.1563143571693681,0,0
-0.22255219968045445,0,0
-1.1139418017702991,0,0
-0.21376708930913,0,0
-1.29887157230759,0,0
-1.141703263536609,0,0
-0.8247346741962583,0,0
-0.5553280147675204,0,0
-0.11482184476175425,0,0
1.2456217970068202,0,0
0.9210681049242381,0,0
-1.0851255363331547,0,0
-1.8265020635512645,0,0
-1.8210884261787121,0,0
-1.741311099469154,0,0
-0.6035462440538758,0,0
-1.8632917580701518,0,0
-0.4855414246485167,0,0
0.7210262485659981,0,0
0.8570453847203239,0,0
0.7824831491271893,0,0
-0.2522156974713985,0,0
-0.01453945630121993,0,0
-1.7344544192140456,0,0
0.9638050192391878,0,0
-1.697578041401099,0,0
-0.05990300488596351,0,0
-1.9959590256002269,0,0
-0.5275538467046161,0,0
-1.000414213196965,0,0
-1.720276831282811,0,0
0.39217603018191893,0,0
1.9926675556497868,0,0
-1.5774198014656384,0,0
-1.76739376542538,0,0
-2.507050147145568,0,1
-2.332722336377765,0,0
-0.5072710393676446,0,0
-1.4803010728526698,0,0
-2.090641553762393,0,0
-1.5294875794021645,0,0
-1.5353055731778373,0,0
-4.156163753292619,0,1
-4.138032168980367,0,1
-3.5406984509295065,0,1
-1.8840666038304643,0,0
-0.4789189706978225,0,0
-0.676579173898019,0,0
-2.5513167071186413,0,0
1.8480005570330211,0,0
1.2128872715830432,0,0
-1.4786837645463746,0,0
-0.471395753399497,0,0
-3.3150356430301064,0,0
-3.040484091038477,0,1
-1.9741767510959916,0,0
-0.2075594175376694,0,0
-0.4266228595966428,0,0
-0.8108678269429123,0,0
0.12253373763015421,0,0
-1.5705256224759272,0,0
-0.8131519354093365,0,0
-2.274999171950142,0,1
-0.8854325714259627,0,0
-2.4828621870090757,0,0
-2.5818761694999193,0,0
-2.898796138682726,0,0
-0.7757833909009949,0,0
-0.34244521913773074,0,0
-1.0763745931927824,0,0
-2.4319185563576458,0,0
-0.2264591710205134,0,0
-2.267940972667664,0,0
-0.8869930285585593,0,0
-2.0393430356412803,0,0
-2.613251199773163,0,0
-1.2355078425207313,0,0
0.49590900983168706,0,0
0.9284512192392457,0,0
-2.251240118311451,0,0
-1.4120773932929582,0,0
1.8058242757144278,0,0
-2.4169344278821465,0,0
-0.43193299229681315,0,0
0.5085311198407838,0,0
-1.7456617919531532,0,0
1.804254434427996,0,0
0.16147538828305988,0,0
-0.4942782485197149,0,0
-1.6625580195285876,0,0
2.26738858473294,0,0
-0.6739811863072617,0,0
-2.417772477528537,0,0
-2.5008915180105684,0,0
0.540996647012925,0,0
0.8449578709340084,0,0
-0.43306967238635696,0,0
-0.3919318998328809,0,0
-0.581052196186758,0,0
-0.047960379601823616,0,0
-0.6352908058878417,0,0
-1.2073665011430639,0,0
-0.7629999862068313,0,0
0.2736835008055817,0,0
-0.17260208787535622,0,0
-0.6710307765622678,0,0
-1.2918196387953294,0,0
-0.27397009746287515,0,0
0.13590768541012704,0,0
-2.037877421885501,0,0
-2.423800289676357,0,0
-0.6579941783330185,0,0
-0.9971542388480337,0,0
-3.006133221972721,0,0
-2.627713452993449,0,1
-1.7774501498023505,0,0
-1.2484687454583503,0,1
-1.717376994762825,0,0
0.646044638273202,0,0
2.070740459885655,0,0
-2.078039467961231,0,0
-0.1446162440048256,0,0
-2.0721875854374256,0,0
-1.235105241769736,0,0
-1.5528894349436437,0,0
-0.3636438565139414,0,0
-0.21409003548144148,0,0
-0.1354093006724201,0,0
-1.1855314004861548,0,0
1.1085091990349327,0,0
1.075975784127172,0,0
-0.6616026317072551,0,0
2.2148777584392976,0,0
-0.10255459761417363,0,0
-1.6769382783859357,0,0
-1.9493841296877625,0,0
1.9462362912734665,0,0
-1.7585166141186983,0,0
1.9593861936087047,0,0
0.49348770296990074,0,0
-0.057907127021870924,0,0
-0.013908427069991985,0,0
-2.082533622961216,0,1
-1.0158297518187398,0,0
1.182821310312344,0,0
-0.6921240450029638,0,0
0.37533273647058607,0,0
0.10323627925639296,0,0
-0.06232069977283916,0,0
-0.49742836681320646,0,0
-0.36167231285273793,0,0
-0.07294335935872492,0,0
-0.47980010522612615,0,0
-0.9519769277486563,0,0
-0.8928403036444715,0,0
1.0218587348478974,0,0
-1.2014639870724795,0,0
0.9257134881403564,0,0
-1.424219793407707,0,0
-0.6006151399331204,0,0
0.9846387998916049,0,0
1.1531054252647577,0,0
1.152667701548676,0,0
-0.29782755887973955,0,0
-0.939569459678324,0,0
1.0446627026851532,0,0
0.5796003746044648,0,0
-1.484205351845637,0,0
-0.9531694604680743,0,0
-2.1777066890934162,0,0
-0.2183442560017493,0,0
-0.5749164094623497,0,0
-2.652024997481424,0,1
-1.1016782960643408,0,0
-2.7310628331313787,0,0
-1.4379105462562232,0,0
-1.857061439863003,0,0
-1.702467180607106,0,0
-2.756447718300038,0,1
-1.0576797003616012,0,0
-1.960308393615887,0,0
-0.348189559891931,0,0
0.47137036253757625,0,0
-0.7687965468456835,0,0
-0.7708999495961976,0,0
-0.15023923812267984,0,0
3.7155446756520525,0,0
-1.1260039978768277,0,0
1.5118581731517995,0,0
-0.8550258924183086,0,0
-1.431245510216515,0,0
3.1326372684273283,0,0
1.3748213981802269,0,0
-0.3014980092567102,0,0
0.40819463457913185,0,0
1.915640706621275,0,0
0.8152608405897939,0,0
0.48813580751314634,0,0
-0.5445663081218111,0,0
-0.11426705848815419,0,0
0.23780241211909042,0,0
1.2191209477911342,0,0
0.4377722818219354,0,0
-0.432673996423521,0,0
1.8791407638228417,0,0
2.257027861526546,0,0
-1.0891024787547614,0,0
2.4030743678551496,0,0
-0.12805786365126187,0,0
0.5574003769820604,0,0
0.08487064614354135,0,0
1.7692249572674026,0,0
0.6793205727617977,0,0
-0.9484356162441638,0,0
0.653507165102517,0,0
0.32910620446960825,0,0
-0.9948990051865338,0,0
0.1204308171606599,0,0
1.2971707746838539,0,0
3.600746505844668,0,0
2.130678393189843,0,0
1.2901411532883518,0,0
1.571153978139542,0,0
0.4677471711135909,0,0
0.09123345864618321,0,0
0.33125998792250955,0,0
1.2079545011697757,0,0
0.8512621435521893,0,0
0.6838951500129098,0,0
0.38740465697709703,0,0
0.9573882325046479,0,0
0.41966635405463204,0,0
0.5144999739108601,0,0
0.670074659434803,0,0
0.7415399362457992,0,0
1.0539583426494865,0,0
0.6383598928603218,0,0
0.08289263988415092,0,0
0.2745930834561564,0,0
0.8689755585045889,0,0
0.6960495220279197,0,0
1.8188870983034766,0,0
1.985157202852377,0,0
1.3419307199464072,0,0
0.3427044023725516,0,0
2.5471902572143947,0,0
2.6640447889304912,0,0
2.0399524479114963,0,0
0.8209034053731364,0,0
0.04001756352325976,0,0
1.255913385164803,0,0
1.0655155972352928,0,0
0.40197725628862035,0,0
1.2531018416616766,0,0
2.3247837977528305,0,0
3.260265032978534,0,0
2.625624114869628,0,0
0.678562304512806,0,0
2.0649915727307975,0,0
1.255528059874686,0,0
0.5136660606419667,0,0
0.7103831493718925,0,0
0.6854395434316106,0,0
0.8164494974363266,0,0
0.8259887779164556,0,0
0.6127638090273808,0,0
0.6463771358162078,0,0
0.5887885711715521,0,0
-0.04007077859267348,0,0
0.6430279521390788,0,0
-1.1933451742989274,0,0
-0.8093610430085975,0,0
0.9496047214581668,0,0
1.3666400015630324,0,0
0.4651522627020912,0,0
0.39053142355725956,0,0
0.46489383363077896,0,0
0.4302432921421854,0,0
1.571371950349843,0,0
0.7628658552807565,0,0
1.0846933743402511,0,0
0.8941300096294796,0,0
1.0889296429464863,0,0
0.2853597130524549,0,0
4.028573607906832,0,0
3.7733434745940198,0,0
1.4351398727278,0,0
2.348017194529952,0,0
3.079070390694366,0,0
1.8343825579117128,0,0
1.3834986614367797,0,0
3.4379768198097564,0,0
2.452006379030363,0,0
2.6742394643719165,0,0
2.426506879877194,0,0
3.534972241144461,0,0
2.515327014830104,0,0
1.537658735085389,0,0
4.028899719224222,0,0
1.4898972769832288,0,0
2.223272922058253,0,0
1.0388479819152177,0,0
0.9355463483256368,0,0
2.5810976849572573,0,0
1.5648971060856327,0,0
0.40935375651751527,0,0
1.1788229419792924,0,0
0.6548908560587876,0,0
2.5197124093405376,0,0
1.6397371422414946,0,0
0.8929943988954893,0,0
0.024417805035289654,0,0
0.9084979360550793,0,0
0.8560462830894879,0,0
1.7975502790495268,0,0
1.4088098504432092,0,0
2.2671628640825983,0,0
0.9738718671033959,0,0
0.800085590585593,0,0
0.6669901699899866,0,0
-0.2424485263493704,0,0
0.20365883430867834,0,0
0.820065515189588,0,0
1.0769800355667547,0,0
-0.7384990023762373,0,0
0.42325235815859075,0,0
0.7086589762272675,0,0
0.931133016008797,0,0
0.8102344342461066,0,0
0.8750028554834326,0,0
0.186481799734597,0,0
0.1941343773849916,0,0
0.4437252539792872,0,0
1.8187352043800165,0,0
-0.7717515951924803,0,0
0.7765356173530303,0,0
2.4408799735774287,0,0
2.094059996907606,0,0
1.0415774405863467,0,0
0.6477548105403237,0,0
1.4634356049058674,0,0
1.0962757835739518,0,0
1.5497407058577384,0,0
-0.0912238061551146,0,0
0.679369553484001,0,0
0.7820011696306817,0,0
1.5795742657195224,0,0
-0.21669208219860572,0,0
0.38399970246449566,0,0
0.1537542116415781,0,0
-2.5774704184707287,0,0
-3.2304950559243473,0,1
-3.299472709073689,0,0
-2.3907664751182067,0,0
-0.19902614042452363,0,0
-0.7504205112452664,0,0
0.1961413894827642,0,0
0.7560677571082906,0,0
0.1673668198570129,0,0
-0.06880482081344164,0,0
0.26163998721667764,0,0
-0.7339317019736126,0,0
1.4088136779663054,0,0
0.043978902971342736,0,0
-0.5848874579847506,0,0
-0.22726139600599668,0,0
-1.0970134129870237,0,0
1.431414947170107,0,0
-1.4858357228690167,0,0
1.0566939285389796,0,0
-0.5842897254502878,0,0
2.374188571790067,0,0
0.7579796442657301,0,0
2.27335564396032,0,0
-0.10058857117657297,0,0
0.16124771415976985,0,0
0.8387447334239304,0,0
-0.707159871661146,0,0
0.02523417029235315,0,0
1.1557454479800624,0,0
-0.8945880809747611,0,0
-2.1211052052046555,0,0
-2.35871400738084,0,0
-0.7537813750904374,0,0
-0.3894933084694304,0,0
-1.2601081717701355,0,0
1.0294202832148154,0,0
1.499375024841964,0,0
-1.4414152534233553,0,0
0.7391300463420238,0,0
1.6273988088946423,0,0
0.1190787009083155,0,0
0.03374676429457991,0,0
1.0937502283804583,0,0
-0.7947996233026683,0,0
-1.5202633983480738,0,0
-1.0423117387803011,0,0
-2.2625928836909703,0,0
0.6485622958628603,0,0
0.25836748048185776,0,0
0.5844812408648871,0,0
0.3574840398386857,0,0
-1.2308737807308008,0,0
-1.014764727246092,0,0
-0.7193871071746497,0,0
-3.4244527405550973,0,1
-3.3443813034017307,0,0
0.12312778414168263,0,0
1.9177950628292055,0,0
-0.27746192510357404,0,0
1.1040114721404903,0,0
0.26067359051406913,0,0
1.136926972420633,0,0
-0.431514837234821,0,0
-1.7277146630173652,0,0
-0.5954118702266227,0,0
1.1973495994119192,0,0
-1.7073002854317134,0,0
-0.3174942511005021,0,0
-0.8875247177155543,0,0
-0.6138576487315798,0,0
0.18083650691414316,0,0
-0.5349136172031074,0,0
-3.1096229501238675,0,1
-2.1031137047253,0,0
-3.652924069592825,0,1
-4.33855432464554,0,1
-4.979620741275022,0,1
-3.2736489607459394,0,1
-3.473511172319239,0,1
-2.8095533032139075,0,0
-1.8645826867087918,0,0
-0.05296451765764959,0,0
-1.1068233863821413,0,0
0.18499318504228127,0,0
-2.132153722255676,0,0
-1.368971826848936,0,0
-0.3140300741694555,0,0
-0.8622137985262246,0,0
-2.1777404791497728,0,0
-2.875116688684371,0,0
3.6020803532595767,0,0
-1.8001846018233407,0,0
-1.5921761274889763,0,0
-1.585413539167081,0,0
-2.4243343330999587,0,0
-0.3996096064228202,0,0
-1.8096863791806843,0,1
-3.925824746784044,0,1
-3.685728694157249,0,1
-3.1398552163252726,0,0
-2.546835527032842,0,0
-3.073034893982724,0,0
-0.8537981562751712,0,0
-1.732814183423694,0,0
-1.3791582018346291,0,0
-0.6731489651666612,0,0
-0.029382599197955425,0,0
-1.307532524221999,0,0
-0.7155460398716182,0,0
-0.42991194315120806,0,0
-1.618885697735464,0,0
-2.8294288737587796,0,1
-2.22123250663809,0,0
-0.32284230925760293,0,0
0.4407382187960167,0,0
3.3556263850005554,0,0
0.8939379879107288,0,0
-0.8586088972274845,0,0
-0.6932797309527103,0,0
-2.4423805389483744,0,0
-2.9013594245966163,0,0
-2.4351844582669258,0,0
0.6478769972634629,0,0
-2.0601667744773855,0,0
-0.8255336983002267,0,0
-0.43963570874286695,0,0
-0.03714094138272542,0,0
-0.5954783218521665,0,0
-2.72670698559651,0,0
1.2844478508484691,0,0
-0.6680753316182259,0,0
-1.5534354182790595,0,0
-0.3790276525356747,0,0
-1.7814558512538916,0,0
-0.07075356200291485,0,0
2.0417512064493173,0,0
-2.143710793169048,0,0
1.7162031590450866,0,0
1.6883175528879304,0,0
-1.4098581642896733,0,0
-1.3891389147619615,0,0
-1.6352047876972693,0,0
-0.14537885247307675,0,0
-1.316912254044721,0,0
1.9229627343286209,0,0
-0.634268963925645,0,0
-0.014802883047442983,0,0
0.4039926210102408,0,0
-0.39054452977130527,0,0
2.1552517616249807,0,0
-1.7763494634483317,0,0
-0.5054643131676141,0,0
-0.08036004520965995,0,0
0.4101770743195138,0,0
2.1113539901121596,0,0
-1.2280489349915247,0,0
-2.406289719625784,0,0
3.332437753912404,0,0
-0.1403275241163659,0,0
-0.8599935931341929,0,0
1.4416441148079453,0,0
-0.5396755180272715,0,0
-0.21143831594598153,0,0
-2.026453673794446,0,0
-0.6232083688710084,0,0
1.9599685938362255,0,0
0.21546792308241958,0,0
-1.1798012719959194,0,0
1.9853413321107332,0,0
-0.2676023364280701,0,0
-0.9309737349174998,0,0
0.46125629205870455,0,0
0.7739203618132434,0,0
1.8760398366230984,0,0
-0.6106058973211361,0,0
-2.6934281508855142,0,0
-3.1821227180364424,0,1
-3.555866064483663,0,1
-3.138769242426368,0,1
-2.823585129088756,0,1
-2.7555164870149484,0,1
-1.7551153034554585,0,0
-2.503733029323826,0,0
-1.4936351127664984,0,0
0.23154168529159777,0,0
-1.9550236590047492,0,0
-0.5428731444176993,0,0
-0.22855838731645858,0,0
-0.9411808352223314,0,0
-1.6460535262452827,0,0
-1.192602971489345,0,0
-0.3321130283240644,0,0
0.10720603899890599,0,0
-0.4823213114262851,0,0
-0.2461089360507596,0,0
-0.21176302200090188,0,0
-0.45209867408544935,0,0
-0.5288393986153695,0,0
0.2986304914840042,0,0
0.2456750795791304,0,0
-0.23536749701912216,0,0
1.966905024634023,0,0
0.9416826549825356,0,0
-1.1585087455515979,0,0
-0.37331842828579054,0,0
-0.14486056692920382,0,0
-0.7760574889025573,0,0
-0.6730567985518285,0,0
-0.23280259721943034,0,0
-0.3448187399757128,0,0
-2.3635696804523105,0,0
-0.445018926700011,0,0
-0.05969340693927486,0,0
-0.43420572536351154,0,0
0.3914328543239157,0,0
3.7529579693138158,0,0
-0.12547270834055668,0,0
1.595490351163516,0,0
-0.284327764691505,0,0
2.168964163862565,0,0
0.6764638347923089,0,0
-0.9242133990274416,0,0
1.4800559600449568,0,0
0.7067022205996337,0,0
-0.08852054891964026,0,0
3.053222411052293,0,0
0.7530732017256992,0,0
2.511552791278619,0,0
1.6694777038632571,0,0
1.8759119549900827,0,0
1.2646582170736989,0,0
1.0827891696259582,0,0
1.2982448384499474,0,0
0.7702646618009091,0,0
0.6193685057552253,0,0
0.04281136836874028,0,0
1.583266247447149,0,0
-0.816776671531426,0,0
3.7110623433300263,0,0
1.0398964206576717,0,0
2.085702211758381,0,0
0.8429129554121404,0,0
2.7898010735904606,0,0
1.4197185778234944,0,0
1.6944569419947364,0,0
5.165349536350943,0,0
3.0006251513338027,0,0
1.0661672738480956,0,0
0.8645900987411876,0,0
2.1271814362514045,0,0
1.1443913636031209,0,0
2.3827397059002604,0,0
1.437839011171707,0,0
2.399245858835691,0,0
2.223863074818247,0,0
1.965803173754403,0,0
1.4977440648423523,0,0
1.1847291677330904,0,0
2.8545082046774986,0,0
1.182544478142182,0,0
1.4060911848666557,0,0
2.2419398863043285,0,0
3.2116365901418216,0,0
1.5724341219253706,0,0
1.7572156409097952,0,0
0.8835859009550905,0,0
1.0677949776328095,0,0
1.377653832730093,0,0
0.1786765007531365,0,0
-0.8729175150540811,0,0
-0.42111910243112627,0,0
0.934194603745599,0,0
1.27126416378528,0,0
0.8959408144048394,0,0
0.44819621291542155,0,0
0.4306401945475514,0,0
2.2511816728351213,0,0
1.488917024117926,0,0
2.205651559359053,0,0
1.7508475199860467,0,0
2.4738863506512963,0,0
1.9418233918753713,0,0
2.0256843300925347,0,0
1.8256264619467497,0,0
0.24963050213107205,0,0
2.8121767223065657,0,0
5.171293635971352,0,0
3.9963479668272166,0,0
2.1753189357614255,0,0
0.6936013364740538,0,0
0.713915973589043,0,0
1.778522351930256,0,0
0.5727777705849892,0,0
1.1468124785064988,0,0
0.2637574021308299,0,0
1.7559847043318633,0,0
0.47172667309648086,0,0
79.12615735020957,0,0
2.4261938531576597,0,0
5.114904530710693,0,0
4.009083822864214,0,0
1.6079891654199026,0,0
2.5575445783606217,0,0
3.4536899016080023,0,0
0.8577994358019067,0,0
0.3427191947004369,0,0
0.2042515774829345,0,0
1.950636065040539,0,0
1.7182674646139895,0,0
2.5528722987593655,0,0
0.06271017820781717,0,0
0.12901449289831649,0,0
1.7830314487198153,0,0
0.07429018068081535,0,0
-0.5019151164443092,0,0
1.4188526288127306,0,0
1.191285640502227,0,0
1.3046365660974213,0,0
1.0818555015773983,0,0
0.5601827031225889,0,0
1.7380802309164498,0,0
2.354405267333412,0,0
0.9925473128102127,0,0
3.1612678088611577,0,0
2.6391515249441326,0,0
0.11631308491815148,0,0
0.7081623001641554,0,0
0.39625832231348557,0,0
1.0550228203783794,0,0
-0.54684987098117,0,0
-0.6461187906991955,0,0
0.05834837610642175,0,0
1.1516485725072245,0,0
-0.12224262104099304,0,0
1.3530842739629947,0,0
0.9822083320103446,0,0
1.2441572825177176,0,0
0.7416117927621216,0,0
1.5192294253051661,0,0
1.884326742824538,0,0
0.9143609973657774,0,0
0.5475794365913472,0,0
2.636042565636594,0,0
2.03676423388329,0,0
0.7899717494435887,0,0
0.629236199646928,0,0
0.5409120082642914,0,0
0.749178895676145,0,0
0.5767477291518396,0,0
2.277734713873822,0,0
-0.5891862588888921,0,0
-0.989967280105136,0,0
-0.8821634367374143,0,0
-0.7136033210693065,0,0
-0.857422960149547,0,0
-1.7180611189693487,0,0
-1.0508386159827927,0,0
-0.7589646729259854,0,0
-0.6155301746304915,0,0
0.2193927964524474,0,0
0.2093365560595225,0,0
-0.06818526707628123,0,0
0.9079468572595574,0,0
1.2384191401760976,0,0
1.4914941951118794,0,0
0.18522886879096467,0,0
1.5604498680600207,0,0
-1.0726235668960828,0,0
1.0925257639251924,0,0
-0.8328484237096807,0,0
1.494415201033636,0,0
-0.6008021848647772,0,0
1.325287369395111,0,0
-0.6915810731997294,0,0
0.08138980929950729,0,0
2.509490774894005,0,0
2.966849197277247,0,0
0.9509213002683657,0,0
0.3151262467781344,0,0
0.11314323657844125,0,0
1.087811518363172,0,0
1.150003252926243,0,0
1.0395457289180237,0,0
1.7319374112362553,0,0
-0.07196744333142177,0,0
-1.1586320241995953,0,0
-0.21643700216406744,0,0
-1.5645492636342957,0,0
-2.9342906114329677,0,0
-2.8496315510635046,0,0
-2.4298420165267003,0,0
-2.307083921975548,0,0
-1.8884372071027165,0,0
-2.669986511792744,0,0
-1.8779595820845933,0,0
-1.568248593100381,0,0
-1.696506269062876,0,0
-1.466168844834769,0,0
-1.283746565467425,0,0
-0.4184884013744755,0,0
-1.2296709155062535,0,0
-1.5378584070293773,0,0
0.4954595465355881,0,0
-0.7021270230287305,0,0
0.05407030474434467,0,0
0.7699315344100421,0,0
0.5780249887983028,0,0
-0.3260221739420206,0,0
-0.373867972744543,0,0
-0.5582145465293836,0,0
-0.6844197514066643,0,0
-1.590816225050009,0,0
-1.0550251345692416,0,0
0.6457469900776743,0,0
-0.8881788921818694,0,0
-2.468990041530191,0,0
-1.9198823587994964,0,0
-2.508766578638146,0,0
-1.5185189241961907,0,0
-0.7946616372098082,0,0
-1.1869348713523198,0,0
0.6846310496818638,0,0
-1.007296126180753,0,0
-1.4964528721863757,0,0
-2.0022479824023782,0,0
0.42616614868866387,0,0
1.145721795590232,0,0
0.6592524641162023,0,0
-1.8291734252227518,0,0
-1.469544308579522,0,0
-3.724437249573837,0,0
-4.112135018670266,0,0
-3.10298807413352,0,0
-3.097211369770817,0,0
-2.477870347224994,0,0
-1.852907783537207,0,0
-0.8390693475405285,0,0
-0.10242170679521129,0,0
0.5185362939048312,0,0
0.06988020509304271,0,0
-0.24937542401507531,0,0
-1.0150608138066533,0,0
-0.8373862127749963,0,0
-0.8774732715741176,0,0
-0.49463057667832844,0,0
-0.9208691557587487,0,0
-0.5960816210726465,0,0
-0.6545577965785733,0,0
-0.0933185481288098,0,0
-0.7957750319843157,0,0
-0.5760079484804336,0,0
-0.898128393356419,0,0
-0.601496017639804,0,0
-0.6128663988409688,0,0
-0.8110157571994598,0,0
-1.1816056844779184,0,0
-1.380637429252575,0,0
-0.71923060755928,0,0
-0.5992300125643082,0,0
-1.4138661864399038,0,0
-0.8406950381605062,0,0
-0.6629402201819251,0,0
-0.5843903720837851,0,0
-0.707298707729646,0,0
-0.8195586146966599,0,0
-0.9007755526049164,0,0
-0.8859359121243933,0,0
-0.17630025886939799,0,0
-1.124332763175854,0,0
-0.2538875036044478,0,0
-0.9000536000825989,0,0
-0.847633556719223,0,0
-0.6138290022040588,0,0
-0.9631220721248224,0,0
-0.9362703148677409,0,0
-0.21694883629698844,0,0
-0.8257751807330589,0,0
-0.10033728363445041,0,0
-0.1492880677184682,0,0
-0.14646054401450337,0,0
-0.4944701427844801,0,0
-0.36518480720837143,0,0
-0.5145438153766934,0,0
-0.6065696158576455,0,0
-0.3909135272085148,0,0
-0.7092438450174452,0,0
-0.37946292906042556,0,0
-0.12017030538589102,0,0
-0.689150241863613,0,0
-0.48737119033191534,0,0
-0.46092051780945476,0,0
-0.7541638511936355,0,0
-0.3055053774985823,0,0
-0.3942223525940247,0,0
-0.20912793132210597,0,0
-0.5268767999409483,0,0
-0.6697183048467932,0,0
-0.8036761539061226,0,0
-0.7862496405624069,0,0
-0.2836470015124183,0,0
-0.4281730623036709,0,0
-0.611081695447018,0,0
-0.27566566264368775,0,0
-0.6248785156175269,0,0
-0.7769848305428895,0,0
-0.45083360775907655,0,0
-0.5027723494409077,0,0
-0.6547182304724218,0,0
-0.5213219000415616,0,0
-0.8623127633058976,0,0
-0.5393099320137464,0,0
-0.829725741693962,0,0
-0.5950388007626323,0,0
-0.5541495724942697,0,0
-0.0035587527233531396,0,0
-1.108690953226089,0,0
-0.09404050065112718,0,0
-0.50205039691859,0,0
-0.7773859152775101,0,0
-0.49324695801899865,0,0
-0.8413367737358997,0,0
-0.7036690145564394,0,0
-0.5928530126340608,0,0
-0.7613430205931244,0,0
-0.8473929058784504,0,0
-0.7303603379196724,0,0
-0.8525467210432162,0,0
-0.761984756168518,0,0
-0.7730342695819862,0,0
-0.5131801272789824,0,0
-0.8185157943866457,0,0
-0.8757687851270909,0,0
-0.9135096219037921,0,0
-0.5935749651563782,0,0
-0.21767078881930577,0,0
-0.7968980692412545,0,0
-0.14686162874912415,0,0
-0.5176119899214309,0,0
-0.5921310601117432,0,0
-0.755367105397498,0,0
-0.17242991485541892,0,0
-0.12404064939987006,0,0
-0.6507676695115185,0,0
-0.2611468899508611,0,0
-0.2398500325931662,0,0
-0.3426846956468145,0,0
-0.21969614305402904,0,0
-0.2822833134147077,0,0
-0.4194697709126226,0,0
-0.15323862867937155,0,0
-0.26162819163240614,0,0
-0.43340709441536085,0,0
-0.135411030601035,0,0
-0.3102581079287273,0,0
-0.14688155931074323,0,0
-0.1627640201012806,0,0
-0.1507519033247223,0,0
-0.13687486620728923,0,0
-0.0679909128632874,0,0
-0.3759936697810673,0,0
-0.29776468947062407,0,0
-0.0970284582489406,0,0
-0.29301195904047916,0,0
0.05257120076015366,0,0
-0.3380923991105177,0,0
-0.056379880821350176,0,0
-0.182035523224252,0,0
-0.3161538061774296,0,0
-0.11968900370434615,0,0
-0.38622108316367476,0,0
-0.24807202230266948,0,0
-0.06468208747777737,0,0
-0.5557539114327529,0,0
-0.43196318937072575,0,0
-0.15945519471577074,0,0
0.16240466875782317,0,0
-0.03243586421515783,0,0
-0.16244315231358394,0,0
-0.0035587527233531396,0,0
0.276048194384167,0,0
0.11329345077995712,0,0
0.10982419150059883,0,0
0.10547254580507465,0,0
0.2536282997695339,0,0
0.1580530230622991,0,0
0.10691645084970976,0,0
0.31378903116086826,0,0
0.1479058266266159,0,0
0.05217011602553285,0,0
0.15580694854842245,0,0
0.2616096386382646,0,0
0.04144147039976132,0,0
0.19144221414347629,0,0
